"baseMean","log2FoldChange","lfcSE","stat","pvalue","padj","ensembl_id","gene_symbol","classification"
2046.39398149882,6.89763282302795,0.556070251051326,12.4042471432109,2.47831167968455e-35,5.83097171996182e-31,"ENSG00000115155.16","OTOF","Upregulated"
15050.8638221926,5.14980493330946,0.432253805155671,11.9138452267756,1.00245413280641e-32,1.17928704183346e-28,"ENSG00000137959.15","IFI44L","Upregulated"
10402.3508626017,6.79263873014907,0.575073710882775,11.811770563676,3.39339105412808e-32,2.66132349071752e-28,"ENSG00000165949.12","IFI27","Upregulated"
7922.97982685319,4.44152389915997,0.391797515297433,11.3362737785312,8.67605239249656e-30,5.10325401726647e-26,"ENSG00000137965.10","IFI44","Upregulated"
4831.2797867942,4.65572286598287,0.417294465423366,11.1569245502919,6.62436801360657e-29,3.11716261248271e-25,"ENSG00000088827.12","SIGLEC1","Upregulated"
18162.2989140327,4.81947433498516,0.443133572356521,10.875895295759,1.5017416191981e-27,5.88882946941549e-24,"ENSG00000134321.11","RSAD2","Upregulated"
1106.93211398101,4.30425844073292,0.412704968726467,10.4293836200109,1.82065480134558e-25,6.11948088086553e-22,"ENSG00000184979.9","USP18","Upregulated"
160.995419590858,4.08428758867969,0.400331883469773,10.2022540729961,1.93723399783679e-24,5.697405187638e-21,"ENSG00000225886.3","RP11-288L9.4","Upregulated"
274.569364328903,4.28148226820901,0.421019360373916,10.1693239579447,2.71788449978901e-24,7.10515405678176e-21,"ENSG00000161133.16","USP41","Upregulated"
15490.9851394436,3.90731206716996,0.386124788769156,10.1192986848248,4.53654470705386e-24,1.06735823867563e-20,"ENSG00000185745.9","IFIT1","Upregulated"
499.596639883038,3.6981446300088,0.368727426181293,10.0294807693272,1.13109834876536e-23,2.41931654088649e-20,"ENSG00000214872.8","SMTNL1","Upregulated"
75.499228036873,2.61331295320845,0.265080657609207,9.85855768119113,6.29470786754712e-23,1.2341823892304e-19,"ENSG00000276863.1","CTD-2047H16.5","Upregulated"
23442.4558614126,3.7040288586915,0.380703719593655,9.7294265016507,2.25862729951847e-22,4.08776793100542e-19,"ENSG00000111331.12","OAS3","Upregulated"
114.205974158891,4.39375496663502,0.455204946037527,9.65225664809187,4.80857157444409e-22,8.08114800025146e-19,"ENSG00000205837.7","LINC00487","Upregulated"
6483.17409674339,3.32305972659289,0.344818173423877,9.63713627271009,5.57207332008501e-22,8.73998273833068e-19,"ENSG00000138646.8","HERC5","Upregulated"
265.789911900862,2.38148296828325,0.249980178540616,9.52668720450694,1.62382401067238e-21,2.38783320769373e-18,"ENSG00000280248.1","CTD-2047H16.3","Upregulated"
29621.8714008021,3.0844255904901,0.32592953636433,9.46347368482209,2.97879465520056e-21,4.12265180279757e-18,"ENSG00000119917.13","IFIT3","Upregulated"
4097.25324303003,3.640169060935,0.385780914001393,9.43584539519716,3.87853813956282e-21,5.06968029709078e-18,"ENSG00000134326.11","CMPK2","Upregulated"
14590.611466602,3.12614322364699,0.331896458898337,9.41903156792812,4.55267553417144e-21,5.63764999831504e-18,"ENSG00000089127.12","OAS1","Upregulated"
280.603083523012,3.61655488296779,0.3843785640315,9.40883603142711,5.01661325149978e-21,5.90154382906434e-18,"ENSG00000225964.5","NRIR","Upregulated"
857.481145709307,3.15693948263065,0.336687820824098,9.37645880656903,6.82256802735168e-21,7.64387526416811e-18,"ENSG00000257452.1","RP1-71H24.1","Upregulated"
11849.1272935807,2.64490979476939,0.284438090723824,9.2987187054967,1.42148290731663e-20,1.52021135651572e-17,"ENSG00000132530.16","XAF1","Upregulated"
17260.9971320518,4.07017963014903,0.440519159490449,9.2395064833435,2.47636757553496e-20,2.53321636161681e-17,"ENSG00000187608.8","ISG15","Upregulated"
13643.7785740408,3.11016239520242,0.339116251397163,9.17137525078349,4.67022322086731e-20,4.39524047762265e-17,"ENSG00000126709.14","IFI6","Upregulated"
6039.28874896878,2.9911284976508,0.326466459815176,9.16213107877659,5.08823835234589e-20,4.60446430592285e-17,"ENSG00000133106.14","EPSTI1","Upregulated"
8598.56910233019,2.59099909302012,0.285447442014434,9.07697429248324,1.11634965277697e-19,9.38052665376309e-17,"ENSG00000279296.1","PRAL","Upregulated"
7437.94828930256,2.89214915142932,0.321976413050379,8.9824876425864,2.64712719008133e-19,2.07605361760779e-16,"ENSG00000135114.12","OASL","Upregulated"
16929.4673351965,2.92341222793968,0.326513976510723,8.95340609667187,3.44679055075523e-19,2.61600284123126e-16,"ENSG00000111335.12","OAS2","Upregulated"
1106.96851899095,3.17515484929102,0.355057994852232,8.94263724609963,3.79991455434583e-19,2.79388717608277e-16,"ENSG00000196141.13","SPATS2L","Upregulated"
21132.2346957425,3.07900353599352,0.345661410102916,8.90757095238601,5.21628200478315e-19,3.71905100025873e-16,"ENSG00000157601.13","MX1","Upregulated"
30892.3932882299,3.2476269678563,0.365889759894313,8.87597119087012,6.93257882887754e-19,4.79734454958326e-16,"ENSG00000160932.10","LY6E","Upregulated"
1654.57270789849,3.05135193526388,0.345297518515395,8.83687768271012,9.84308062864419e-19,6.61680002944973e-16,"ENSG00000228318.3","AP001610.5","Upregulated"
3635.46715935125,2.63851305814378,0.299718897669641,8.80329228039543,1.32859958227174e-18,8.68313638102484e-16,"ENSG00000137628.16","DDX60","Upregulated"
6532.01485923652,2.25721139097505,0.256850712832377,8.78802852475683,1.52207329596703e-18,9.67874067770601e-16,"ENSG00000055332.16","EIF2AK2","Upregulated"
31.0023134210468,4.19518354372169,0.480738409902416,8.72654120683485,2.62579702683958e-18,1.62578295914425e-15,"ENSG00000283972.1","KB-1592A4.17","Upregulated"
4894.75333536327,2.11401727928655,0.245174094180942,8.62251489639999,6.54994397398904e-18,3.95146363641062e-15,"ENSG00000196358.10","NTNG2","Upregulated"
1084.19468269469,2.56335395077801,0.300152056161393,8.54018454366236,1.34007644853048e-17,7.88232967025626e-15,"ENSG00000136514.2","RTP4","Upregulated"
82.9148160403524,2.40302412147172,0.284896011419518,8.4347411867876,3.3193654862018e-17,1.90483002827697e-14,"ENSG00000224891.1","AC007899.3","Upregulated"
689.310941907855,2.44834187223949,0.29059648281786,8.42522885514088,3.6004582311001e-17,2.01694241098389e-14,"ENSG00000188157.14","AGRN","Upregulated"
765.002640788366,1.81915235389904,0.216436640365753,8.40501105000008,4.27821313489345e-17,2.34087903808775e-14,"ENSG00000263069.5","CTD-2047H16.4","Upregulated"
161.190651595984,2.59496912599508,0.310275183401255,8.36344401620806,6.09134382839208e-17,3.04930079988104e-14,"ENSG00000121236.20","TRIM6","Upregulated"
1691.17897099705,2.17075176566604,0.260627645460513,8.32893901884604,8.15700676321829e-17,3.99829281510416e-14,"ENSG00000138642.14","HERC6","Upregulated"
20759.3687368998,1.81781730036809,0.219427130974296,8.28437801787157,1.1872793425577e-16,5.70087925953011e-14,"ENSG00000132274.15","TRIM22","Upregulated"
2986.44441755781,2.1300124426132,0.258364133005035,8.24422654119599,1.66231955028439e-16,7.82221087581822e-14,"ENSG00000152778.8","IFIT5","Upregulated"
32291.4363354624,1.50907476016898,0.184255143853532,8.19013639786669,2.60930298077793e-16,1.1968439852205e-13,"ENSG00000173821.19","RNF213","Upregulated"
4569.85043168899,2.02875139069383,0.247933054706787,8.18265798843598,2.77650363149867e-16,1.23255806494152e-13,"ENSG00000124256.14","ZBP1","Upregulated"
26155.14838886,2.39321480085405,0.292764875108093,8.17452845041758,2.97025236714293e-16,1.29414995729887e-13,"ENSG00000119922.9","IFIT2","Upregulated"
27.6081757259441,3.16147425527069,0.394013333261838,8.02377480248812,1.0254421785629e-15,4.1597592374531e-13,"ENSG00000177294.6","FBXO39","Upregulated"
9174.93765571187,1.86982459134267,0.234762537165621,7.96474860903184,1.65560008524805e-15,6.38573095175675e-13,"ENSG00000177409.11","SAMD9L","Upregulated"
138.535820439284,1.33404214158989,0.168750820949096,7.90539645429223,2.67082200062448e-15,1.01353387146279e-12,"ENSG00000080986.12","NDC80","Upregulated"
186.350948874784,1.73975996017001,0.22314547959969,7.79652791215416,6.36337520907761e-15,2.33933581123715e-12,"ENSG00000215284.2","RP11-198M15.1","Upregulated"
4513.35313381932,1.92006102883805,0.246753550977055,7.78129036536783,7.17885120333457e-15,2.56893189290122e-12,"ENSG00000141664.9","ZCCHC2","Upregulated"
9600.43331570243,1.84485928546542,0.237103821946064,7.78080787700287,7.20628633676814e-15,2.56893189290122e-12,"ENSG00000130589.16","HELZ2","Upregulated"
1097.79239140853,1.65154444120199,0.212505872037262,7.77175908302618,7.74035639977574e-15,2.71813590110334e-12,"ENSG00000086065.13","CHMP5","Upregulated"
2468.04513607499,1.84616410091718,0.238731817892774,7.73321343259901,1.04865265212064e-14,3.6283381763374e-12,"ENSG00000108771.12","DHX58","Upregulated"
301.466883001825,2.40765249700281,0.313433929356405,7.68153116654155,1.57198223475718e-14,5.20923915765731e-12,"ENSG00000078081.7","LAMP3","Upregulated"
16.7450664037063,2.62980586367134,0.342511527855104,7.67800686925742,1.61582829791259e-14,5.28016780462324e-12,"ENSG00000121380.12","BCL2L14","Upregulated"
19.7872054026009,3.41425967668229,0.445373663123978,7.66605652596003,1.77365049074916e-14,5.71649982826659e-12,"ENSG00000215515.2","IFIT1P1","Upregulated"
1576.64730648996,1.1713427263388,0.152894772238035,7.66110383758046,1.84341733503314e-14,5.86107068360267e-12,"ENSG00000204397.7","CARD16","Upregulated"
354.210466830547,1.91417796922346,0.250600710051735,7.63835812288117,2.20009207007257e-14,6.81102187166675e-12,"ENSG00000272666.1","CTA-384D8.35","Upregulated"
31868.2054516342,1.47160463358017,0.194720284746723,7.55753123252833,4.10791406228322e-14,1.22343040578987e-11,"ENSG00000185885.15","IFITM1","Upregulated"
29.5031685554704,2.87782755026875,0.383386001130508,7.5063448894398,6.0801102363288e-14,1.72352811614872e-11,"ENSG00000122420.9","PTGFR","Upregulated"
99.889026822183,1.71914158960742,0.229247254843678,7.4990716498642,6.42713908957722e-14,1.80021105356634e-11,"ENSG00000255221.3","CARD17","Upregulated"
302.934598096414,1.40707102791718,0.18854894100868,7.4626302348333,8.48121147433381e-14,2.32030166939681e-11,"ENSG00000168026.18","TTC21A","Upregulated"
194.626113414434,4.41914757654326,0.593420395342759,7.44690882083816,9.5552608823965e-14,2.57692378318531e-11,"ENSG00000087116.14","ADAMTS2","Upregulated"
2005.28050655533,1.42206403581615,0.19209229679528,7.40302479350173,1.33116883348481e-13,3.47997114602562e-11,"ENSG00000272821.1","CTA-384D8.36","Upregulated"
617.196865850544,1.85003731142113,0.251015447036972,7.37021300186613,1.70355630160802e-13,4.40453545760808e-11,"ENSG00000134809.8","TIMM10","Upregulated"
172.629879563112,1.67823741629944,0.227926985008583,7.36304837374232,1.79757193638323e-13,4.59709483904615e-11,"ENSG00000279320.1","RP11-329N15.3","Upregulated"
7.8895605008438,4.57690050658087,0.622121377555699,7.35692530702516,1.88194581320623e-13,4.7611205476469e-11,"ENSG00000233975.1","RP11-288L9.1","Upregulated"
245.316845498729,2.55118135738842,0.346883977110165,7.35456673047256,1.91547397381706e-13,4.7943906016987e-11,"ENSG00000179044.15","EXOC3L1","Upregulated"
5173.74610582428,1.57112513930386,0.214726527188715,7.31686559585184,2.53829850956683e-13,6.15681312712252e-11,"ENSG00000059378.12","PARP12","Upregulated"
240.209639101306,1.90590314530814,0.26136184347526,7.29220118731121,3.04931341946294e-13,7.2468935488004e-11,"ENSG00000273272.1","CTA-384D8.34","Upregulated"
148.623893679959,1.55575101391359,0.213589705407342,7.28382957852102,3.24474864552725e-13,7.6342446131965e-11,"ENSG00000188282.12","RUFY4","Upregulated"
10057.5686476423,1.48888942674399,0.204467387291344,7.28179416027103,3.2940943540917e-13,7.67360910525442e-11,"ENSG00000138496.16","PARP9","Upregulated"
9227.44321644094,1.9240406239412,0.264692148763744,7.26897504488712,3.62225304115449e-13,8.31323237170452e-11,"ENSG00000185507.19","IRF7","Upregulated"
4675.80761232385,1.5141096686769,0.208382445842096,7.26601351931648,3.70251548014782e-13,8.37622925162672e-11,"ENSG00000205413.7","SAMD9","Upregulated"
10156.7036880521,1.20405733907224,0.166069863579325,7.25030606469494,4.15830891574785e-13,9.22987661978447e-11,"ENSG00000121858.10","TNFSF10","Upregulated"
15257.6914702447,1.60879375636979,0.222399318543903,7.23380704087993,4.69638930796712e-13,1.02311710775787e-10,"ENSG00000173193.13","PARP14","Upregulated"
2532.81539513619,1.4318889201581,0.198481133445067,7.21423187838862,5.42392635572173e-13,1.17077192015983e-10,"ENSG00000130489.14","SCO2","Upregulated"
48.9457734718981,1.12965699731734,0.156858942306982,7.20173794814033,5.94498674195084e-13,1.27157861876927e-10,"ENSG00000258581.2","RP11-638I2.10","Upregulated"
8.77833018566968,4.15792547126378,0.578005396093231,7.19357552605463,6.31162129695787e-13,1.33783626914257e-10,"ENSG00000238015.2","RP4-641G12.3","Upregulated"
5596.0326609381,1.06200735520089,0.147890408518975,7.18104281295994,6.91816821576588e-13,1.45330948018339e-10,"ENSG00000067066.16","SP100","Upregulated"
45.8546287083912,1.31952973427946,0.184424110119246,7.15486567036312,8.37548969166e-13,1.74388072093253e-10,"ENSG00000264304.1","RP11-20B24.7","Upregulated"
17.4922171292843,1.77677404819419,0.248572136309252,7.1479212214827,8.81018446690786e-13,1.80248713162964e-10,"ENSG00000227417.3","RP11-397P13.6","Upregulated"
2695.33247281767,1.74798945506036,0.244531203399504,7.14832884621508,8.78406812743424e-13,1.80248713162964e-10,"ENSG00000115267.5","IFIH1","Upregulated"
1130.0993957197,1.28366312809644,0.17988618908297,7.13597377675486,9.61043323836711e-13,1.9326006259171e-10,"ENSG00000121552.3","CSTA","Upregulated"
12.420060540835,3.6063434993242,0.506319451358354,7.12266433700918,1.05860413940497e-12,2.11074899931527e-10,"ENSG00000226738.1","CTA-384D8.31","Upregulated"
27.8027329595237,2.54460039787006,0.357872148573238,7.11036164176188,1.15739278022787e-12,2.28833086833625e-10,"ENSG00000269720.2","CTD-2521M24.13","Upregulated"
4339.10707324709,1.6661569281695,0.234371198949419,7.10905152014469,1.16843128333626e-12,2.29090426952795e-10,"ENSG00000107201.9","DDX58","Upregulated"
9.87077755629571,-1.2986876602726,0.182728461266291,-7.10719967361855,1.1842105265063e-12,2.30265332790414e-10,"ENSG00000124006.14","OBSL1","Downregulated"
38.589160912995,2.20407205517675,0.310168817777965,7.10604009444476,1.19419735033282e-12,2.30303895562545e-10,"ENSG00000242590.1","RP11-54O7.14","Upregulated"
3546.29641053691,1.29312674835977,0.182022575689674,7.10421080165565,1.21012031338554e-12,2.31477323035244e-10,"ENSG00000177989.13","ODF3B","Upregulated"
645.600140498601,1.61572114177707,0.228974627553661,7.05633265588967,1.70954294235282e-12,3.19223224981565e-10,"ENSG00000163568.14","AIM2","Upregulated"
11089.5805658745,1.36428230947638,0.193743882612798,7.04167941241755,1.89936441046337e-12,3.51875951569938e-10,"ENSG00000170581.13","STAT2","Upregulated"
788.106528416185,1.24221569339078,0.177036002081487,7.0167405430846,2.27103764680994e-12,4.14209098869335e-10,"ENSG00000282851.1","BISPR","Upregulated"
18.9794224370721,1.83019153823885,0.260948304626704,7.01361727893576,2.32234122186679e-12,4.20308032831398e-10,"ENSG00000255557.1","RP11-770G2.2","Upregulated"
908.707794093592,1.03468825513575,0.147550137329447,7.01245199674414,2.34177219518798e-12,4.20589436705212e-10,"ENSG00000120280.5","CXorf21","Upregulated"
323.338608928733,1.72309107776104,0.246781928573539,6.98224172134863,2.90506721352737e-12,5.10077771640836e-10,"ENSG00000165185.14","KIAA1958","Upregulated"
274.68291105679,1.19090942778881,0.170610254002712,6.98029221485061,2.94566726545517e-12,5.13375254975031e-10,"ENSG00000119013.8","NDUFB3","Upregulated"
59.351879661037,1.33384973559967,0.191920751006993,6.95000268913633,3.65279249430321e-12,6.2277465076787e-10,"ENSG00000254503.1","CTD-2521M24.4","Upregulated"
133.56082305535,1.58563165645261,0.228603264120148,6.93617242323906,4.02865857991749e-12,6.8191567675035e-10,"ENSG00000162614.18","NEXN","Upregulated"
9271.83408935597,1.61995308712225,0.233751355162463,6.93024040864421,4.20126035395098e-12,7.01044351828076e-10,"ENSG00000181381.13","DDX60L","Upregulated"
9.38412292225308,2.93211684144739,0.42321233776192,6.92824045951341,4.26107035254803e-12,7.06017346864436e-10,"ENSG00000078098.13","FAP","Upregulated"
4545.50860564207,1.79024770190572,0.258494287630303,6.92567606935328,4.33898297190971e-12,7.1389924030134e-10,"ENSG00000188313.12","PLSCR1","Upregulated"
143.512419178197,1.80172828909229,0.260246214417741,6.92316809727037,4.41653165940492e-12,7.21612200572771e-10,"ENSG00000117010.15","ZNF684","Upregulated"
127.508273390452,1.57037603456429,0.228941084623656,6.85930197782433,6.91978253182422e-12,1.10754179189633e-09,"ENSG00000231233.1","CFAP58-AS1","Upregulated"
10.3627383855521,2.62191175457078,0.383719368250991,6.83288875023841,8.32214952214493e-12,1.32299685106099e-09,"ENSG00000233785.1","RP13-314C10.5","Upregulated"
20.3980869175723,2.5917862851577,0.380147974245655,6.8178353187353,9.24224979579616e-12,1.44967768796995e-09,"ENSG00000163666.8","HESX1","Upregulated"
18507.1295936671,1.43035483793784,0.210078411219691,6.80867124629018,9.85042877706317e-12,1.5348403196473e-09,"ENSG00000183486.12","MX2","Upregulated"
1829.64271915127,2.00137377355941,0.294510553155689,6.79559272873124,1.07868108460024e-11,1.65877180120749e-09,"ENSG00000125148.6","MT2A","Upregulated"
16818.9386457496,1.0252969755081,0.151372189877784,6.77335101207106,1.2583315311506e-11,1.89782206826354e-09,"ENSG00000130066.16","SAT1","Upregulated"
114.897699093807,3.95245043109357,0.584024848086987,6.76760662502646,1.30930156128102e-11,1.96211765183566e-09,"ENSG00000152463.14","OLAH","Upregulated"
13171.9675893667,1.26649691724948,0.187578445078035,6.75182543880562,1.45996469973002e-11,2.16038046888352e-09,"ENSG00000128383.12","APOBEC3A","Upregulated"
40.8716861324193,1.88802452775001,0.279946329165763,6.74423748786527,1.53832745724416e-11,2.25637637388035e-09,"ENSG00000166803.11","PCLAF","Upregulated"
1840.56505218841,1.77807041499999,0.263663875253245,6.74370128745238,1.54401817491812e-11,2.25637637388035e-09,"ENSG00000123610.4","TNFAIP6","Upregulated"
352.527539360789,2.00047994192614,0.297342932164917,6.7278543577979,1.72183131558235e-11,2.50069427117417e-09,"ENSG00000162840.4","MT2P1","Upregulated"
6.09688345038575,-1.09628776118554,0.16340851535323,-6.70887780123186,1.96126818338612e-11,2.83096428335636e-09,"ENSG00000171056.7","SOX7","Downregulated"
28.5379132258515,1.41678902491027,0.211658716825038,6.69374286191776,2.17533529164703e-11,3.10189628738614e-09,"ENSG00000228203.6","RNF144A-AS1","Upregulated"
39.7151629532816,2.40784507686542,0.360044751012459,6.68762721882342,2.26818012560539e-11,3.21480373465324e-09,"ENSG00000247317.3","RP11-273G15.2","Upregulated"
74.7446928848808,1.73403715199136,0.259902433463546,6.67187732289772,2.52551648473164e-11,3.53692570552179e-09,"ENSG00000277511.1","CTD-2095E4.5","Upregulated"
1171.66451700187,1.13522742015656,0.17037884273771,6.66296003608962,2.68366656354518e-11,3.73617200633674e-09,"ENSG00000100918.12","REC8","Upregulated"
3279.42500703818,2.29706205592161,0.345385246590643,6.65072431030656,2.9165413708054e-11,3.98955728908776e-09,"ENSG00000149131.15","SERPING1","Upregulated"
35.5421133870457,1.01839303938322,0.153110330116841,6.65136727617315,2.90382644323604e-11,3.98955728908776e-09,"ENSG00000235916.1","RP13-444K19.1","Upregulated"
9.91400716295887,3.13637980978632,0.476532398043833,6.58167172402374,4.65187802828986e-11,6.20392334048904e-09,"ENSG00000224289.1","IFIT6P","Upregulated"
213.857741216444,2.09687027383258,0.318615986629222,6.58118349934757,4.66718136376471e-11,6.20392334048904e-09,"ENSG00000108387.14","SEPT4","Upregulated"
758.953971031634,2.72538994576948,0.415359997274714,6.56151281695753,5.32645960460889e-11,7.04050233579988e-09,"ENSG00000118113.11","MMP8","Upregulated"
607.349743819135,1.83093670688852,0.279284894349203,6.55580285197672,5.53433073944053e-11,7.27439852723781e-09,"ENSG00000130487.5","KLHDC7B","Upregulated"
111.05508813334,1.26545728144798,0.19330372445484,6.54647128510768,5.8912470200509e-11,7.70051443820875e-09,"ENSG00000139618.14","BRCA2","Upregulated"
67.9557187578096,2.41034654173359,0.368393067375685,6.54286618069156,6.03508300352965e-11,7.84494104458816e-09,"ENSG00000129538.13","RNASE1","Upregulated"
1786.79114753664,1.40479658082596,0.214804568332762,6.53988223681414,6.15672931876555e-11,7.95909491274263e-09,"ENSG00000079385.21","CEACAM1","Upregulated"
29.012107848388,1.2136112495917,0.187772690502254,6.46319358978955,1.02516002865075e-10,1.26932955412792e-08,"ENSG00000269053.1","CTD-2521M24.8","Upregulated"
3597.28991719595,1.56873220141635,0.243066813328822,6.45391355542297,1.08998000204387e-10,1.32875904083359e-08,"ENSG00000068079.7","IFI35","Upregulated"
101.240644601041,1.04011420184975,0.161415327031679,6.44371399529875,1.1658469059134e-10,1.38940935028242e-08,"ENSG00000263648.1","RP11-471L13.3","Upregulated"
1826.17699049293,1.51820276260873,0.235931491120468,6.43493056140408,1.23529789994848e-10,1.45320444949939e-08,"ENSG00000165029.15","ABCA1","Upregulated"
12.7345975347652,1.91512270433882,0.297680807810413,6.43347724841746,1.24717270527437e-10,1.45987459749729e-08,"ENSG00000261115.5","TMEM178B","Upregulated"
30.7063693756377,1.50062890561046,0.233403126473636,6.42934363512035,1.28156113260863e-10,1.49270150138692e-08,"ENSG00000262999.1","CTD-3088G3.6","Upregulated"
46.77427189691,3.22189345014781,0.501671833429646,6.42231282574017,1.34219236648378e-10,1.5479951960113e-08,"ENSG00000108691.9","CCL2","Upregulated"
20002.6828949961,1.6223870609114,0.25289182701982,6.41534002909571,1.40508889984327e-10,1.61263081148841e-08,"ENSG00000143546.9","S100A8","Upregulated"
522.89370735446,1.34656352854241,0.210027411752331,6.41137038878675,1.44217339258844e-10,1.63920075269666e-08,"ENSG00000138035.14","PNPT1","Upregulated"
2678.08219598394,1.15450811918423,0.180099635254502,6.41038565987528,1.45151981633903e-10,1.64189222302042e-08,"ENSG00000179750.15","APOBEC3B","Upregulated"
99.3974563440851,1.03922793181771,0.162213911411605,6.40652779267956,1.48870982382651e-10,1.67590261889905e-08,"ENSG00000269481.1","CTD-2521M24.6","Upregulated"
496.666843688341,1.45776545771555,0.227743200324277,6.4009175933239,1.54445919518409e-10,1.70808913228376e-08,"ENSG00000281450.1","PANDAR","Upregulated"
494.674757155849,1.45742084127369,0.227695972736653,6.40073174662295,1.54634046742792e-10,1.70808913228376e-08,"ENSG00000213500.3","LAP3P2","Upregulated"
28.7083399740422,-1.11825534401852,0.175137106530997,-6.38502808552796,1.71366015264053e-10,1.8710741255511e-08,"ENSG00000146072.6","TNFRSF21","Downregulated"
107.2818804197,1.30703312673658,0.204817564271908,6.38145039651684,1.75418544309847e-10,1.89323280299178e-08,"ENSG00000227203.3","SUB1P1","Upregulated"
1224.04434022357,2.07222551196662,0.325401461910646,6.36821205350222,1.91244395173062e-10,2.04527187710536e-08,"ENSG00000168062.9","BATF2","Upregulated"
8350.31519224114,1.27401323608508,0.200109210427905,6.36658969050345,1.93277299790345e-10,2.05765986853721e-08,"ENSG00000178685.13","PARP10","Upregulated"
180.191582042003,1.11529266160453,0.175720125134088,6.34698308320393,2.19578265372889e-10,2.30500867418947e-08,"ENSG00000257281.1","RP11-1K3.1","Upregulated"
20.8462435628084,1.38853194530813,0.218823343552241,6.34544707510438,2.21780433390334e-10,2.30500867418947e-08,"ENSG00000243650.3","RN7SL834P","Upregulated"
1980.06454492862,1.71677470840499,0.270646765289017,6.34323010131559,2.24996984074361e-10,2.321810983027e-08,"ENSG00000108679.12","LGALS3BP","Upregulated"
49.0171259700881,1.83785223481353,0.28998765993384,6.33769118048964,2.33233716469261e-10,2.39629820134881e-08,"ENSG00000170312.15","CDK1","Upregulated"
21.6390612920264,1.27505487286534,0.201233814284867,6.33618598045539,2.35522473060615e-10,2.40929249833485e-08,"ENSG00000260325.1","HSPB9","Upregulated"
537.744759683455,3.04165556106008,0.480099868410736,6.33546426731755,2.36627652597418e-10,2.41011922524331e-08,"ENSG00000102837.6","OLFM4","Upregulated"
68.2185599517793,1.00400632417362,0.158696188240592,6.32659382247722,2.50631935079333e-10,2.5200291318575e-08,"ENSG00000260660.2","RP11-69H7.2","Upregulated"
29.1743885143379,1.13509744954904,0.179466545217121,6.32484148048753,2.53492676261881e-10,2.53794710088917e-08,"ENSG00000273076.1","RP3-508I15.22","Upregulated"
6.70406219116792,-1.20678239390251,0.191175025132994,-6.31244794168587,2.74655866675701e-10,2.72662583592653e-08,"ENSG00000167779.7","IGFBP6","Downregulated"
3162.80574336988,1.47884339684539,0.234341536195818,6.3106328517436,2.77896742946349e-10,2.74720780169819e-08,"ENSG00000164104.11","HMGB2","Upregulated"
43.2548642805776,1.50601039213855,0.239573286007231,6.2862200424679,3.25288801170228e-10,3.14954523207124e-08,"ENSG00000205786.8","LINC01531","Upregulated"
206.961009843207,2.41662140641058,0.384683080691344,6.28210994376848,3.34008492060805e-10,3.22071795131419e-08,"ENSG00000188290.10","HES4","Upregulated"
588.242801742512,1.66854254772139,0.265747416734208,6.27867833383387,3.41463213615741e-10,3.27916183263312e-08,"ENSG00000112053.13","SLC26A8","Upregulated"
331.243973508047,-1.18595022370652,0.189897318118978,-6.2452183919916,4.23208372874122e-10,3.95128833213585e-08,"ENSG00000166428.12","PLD4","Downregulated"
3191.65717857757,1.43074241108825,0.229394433723098,6.23704066339856,4.45926105128565e-10,4.13061000057672e-08,"ENSG00000002549.12","LAP3","Upregulated"
309.205374373113,1.02751779872091,0.164744126459618,6.23705269985922,4.45891808767347e-10,4.13061000057672e-08,"ENSG00000232815.1","DUX4L50","Upregulated"
179.381268024282,1.68701910569096,0.270934129173849,6.22667624353984,4.76434219968044e-10,4.34478462302641e-08,"ENSG00000167210.16","LOXHD1","Upregulated"
456.107604792802,1.30238616494747,0.209465911052301,6.21765211534719,5.04648854985369e-10,4.54918707283362e-08,"ENSG00000108984.13","MAP2K6","Upregulated"
14900.9073915818,1.14291160742978,0.184178684626639,6.20544993980521,5.45406311674263e-10,4.84072464242276e-08,"ENSG00000163565.18","IFI16","Upregulated"
18.0568167388733,1.80137515235732,0.290314396770802,6.20491154553203,5.47276757431339e-10,4.84072464242276e-08,"ENSG00000255337.1","RP11-315O6.1","Upregulated"
28.6297147660289,1.01968659757527,0.164467742639295,6.19991848378199,5.64924126281927e-10,4.96675949646338e-08,"ENSG00000267632.1","RP11-400F19.18","Upregulated"
2265.06169722187,1.33217135831906,0.214877121173944,6.19968915741693,5.6574785151827e-10,4.96675949646338e-08,"ENSG00000136816.15","TOR1B","Upregulated"
60.3972272476576,1.38657218825556,0.223714851193288,6.19794430660111,5.72053739851675e-10,5.00344995956514e-08,"ENSG00000229241.1","PNPT1P1","Upregulated"
297.277617815767,1.78367810763098,0.287965622102281,6.19406613403819,5.86316067409588e-10,5.09034849963572e-08,"ENSG00000255328.1","RP11-326C3.12","Upregulated"
762.091057216547,1.4626192903692,0.236431792629978,6.18622087198836,6.16236502032786e-10,5.3304457425836e-08,"ENSG00000140379.7","BCL2A1","Upregulated"
1450.76741893244,1.18865790563107,0.192461084275116,6.17609481993735,6.57065346132398e-10,5.66048129067883e-08,"ENSG00000196116.7","TDRD7","Upregulated"
1082.07431464238,1.05381741851877,0.170812699545695,6.16943249138722,6.85355295183396e-10,5.82131385742778e-08,"ENSG00000225963.7","AC009950.2","Upregulated"
6009.90102895388,1.06601542942241,0.173441188335098,6.14626456181106,7.93289275687429e-10,6.66589645656209e-08,"ENSG00000163840.9","DTX3L","Upregulated"
1297.3329597747,1.13008721699879,0.183950943641783,6.14341625340868,8.07652633506408e-10,6.73845785855985e-08,"ENSG00000249310.2","APOBEC3B-AS1","Upregulated"
11137.3600224045,1.21694497051148,0.19810977815043,6.1427809463671,8.10890770075195e-10,6.74156821142374e-08,"ENSG00000152558.14","TMEM123","Upregulated"
102.846947093863,2.12718274812232,0.347954953814617,6.11338543912681,9.75393997247386e-10,7.99619162621481e-08,"ENSG00000169245.5","CXCL10","Upregulated"
98.9196163171678,1.59106405643364,0.260878458662869,6.09887096308616,1.06820253715902e-09,8.6664376876819e-08,"ENSG00000233929.1","MT1XP1","Upregulated"
186.175701986603,1.23991107915714,0.204224242349838,6.07132172405448,1.2686174292874e-09,1.00837942149574e-07,"ENSG00000279821.1","RP11-1334A24.5","Upregulated"
55.1190166749704,1.25728590670432,0.207277057365618,6.0657263407912,1.31358632727419e-09,1.03711607745326e-07,"ENSG00000217275.2","RP1-34B20.4","Upregulated"
120.695150390873,2.23322791923792,0.369173488283528,6.04926407262154,1.45508981809315e-09,1.12987964488764e-07,"ENSG00000048462.10","TNFRSF17","Upregulated"
365.741552961638,1.19944517029577,0.19866579142992,6.03750228795118,1.56517944103861e-09,1.21136650949857e-07,"ENSG00000272669.1","RP3-508I15.21","Upregulated"
4.54173308651876,3.79804404373925,0.629738696320168,6.03114286279824,1.62804180733047e-09,1.24770578641275e-07,"ENSG00000280270.1","RP11-560F18.1","Upregulated"
47.5799103015134,1.60234278737723,0.265853164497947,6.02717214370266,1.66853260858299e-09,1.27458555892015e-07,"ENSG00000123485.11","HJURP","Upregulated"
4476.07886742732,1.16516993651709,0.194057911180309,6.0042382680007,1.92232232936892e-09,1.42676339953917e-07,"ENSG00000102524.11","TNFSF13B","Upregulated"
16.0524955287658,1.14424610661471,0.190661839306912,6.00144271540774,1.95571941710784e-09,1.4469863662174e-07,"ENSG00000158402.18","CDC25C","Upregulated"
1098.33549866929,1.15211723550252,0.192320722549601,5.99060371773187,2.09063494916314e-09,1.52759189701585e-07,"ENSG00000122643.18","NT5C3A","Upregulated"
15.3212628915207,1.47506730682239,0.246318131156022,5.98846418613032,2.1183177021285e-09,1.54302721039255e-07,"ENSG00000243649.8","CFB","Upregulated"
24.4264869731044,1.99542612864356,0.333397580679116,5.98512480078278,2.1622400512532e-09,1.56052711429096e-07,"ENSG00000128342.4","LIF","Upregulated"
114.646898518566,2.32522495552316,0.388492448382553,5.98525136126579,2.16055936639101e-09,1.56052711429096e-07,"ENSG00000179869.14","ABCA13","Upregulated"
17.7971605543323,2.7067546856416,0.452344776587147,5.98383097526522,2.1794948874569e-09,1.56156452538686e-07,"ENSG00000181458.10","TMEM45A","Upregulated"
1059.11617221406,1.05732583007446,0.176706163255195,5.98352547866422,2.18358861293895e-09,1.56156452538686e-07,"ENSG00000136810.12","TXN","Upregulated"
5.59816316110749,-1.10369047203297,0.184743749529518,-5.97416949067942,2.31265270941644e-09,1.6339967851997e-07,"ENSG00000112414.14","ADGRG6","Downregulated"
27.1391604799053,1.39561226461374,0.233636532565036,5.97343338942618,2.32311665764835e-09,1.63529669215173e-07,"ENSG00000160716.5","CHRNB2","Upregulated"
7534.58846128537,1.15474127454531,0.193375551307845,5.97149570737103,2.35088248295707e-09,1.6412926723743e-07,"ENSG00000163823.3","CCR1","Upregulated"
32.2622840165182,1.64700167740751,0.275948163353903,5.96851835283004,2.3941771938753e-09,1.66657399460053e-07,"ENSG00000186185.13","KIF18B","Upregulated"
78.2638106502498,1.10523521549997,0.185204162235696,5.96765862148074,2.40682267758099e-09,1.67043433504795e-07,"ENSG00000228236.2","TXNP5","Upregulated"
19.7804099946308,1.10641452329686,0.185594568029272,5.96145962161106,2.49994696784791e-09,1.71984655729607e-07,"ENSG00000230454.1","U73166.2","Upregulated"
59.2975777707989,1.05684203517797,0.177316527375286,5.96020038753177,2.5192880850866e-09,1.72809941883141e-07,"ENSG00000255163.1","HSPE1P18","Upregulated"
18.2400524084167,1.05843550443066,0.177599899218639,5.95966275368008,2.52759015784312e-09,1.72875410563177e-07,"ENSG00000218748.1","DBIP1","Upregulated"
8.82042889946653,2.58131912110909,0.433698299394719,5.95187743348693,2.65083867337938e-09,1.80646698174654e-07,"ENSG00000169248.12","CXCL11","Upregulated"
198.089149174149,2.64820745035291,0.445579270893994,5.94329140365897,2.7935517706426e-09,1.89414080863628e-07,"ENSG00000100448.3","CTSG","Upregulated"
59.8667755320985,1.44296049406686,0.242858360930519,5.94157223386553,2.82301291472972e-09,1.90314750308771e-07,"ENSG00000094804.9","CDC6","Upregulated"
25.2696958874894,1.25644768083913,0.211453454416622,5.94195864194103,2.81636485421187e-09,1.90314750308771e-07,"ENSG00000273133.1","RP11-799M12.2","Upregulated"
20.3076883552962,1.40359314690664,0.236388820949125,5.9376460412598,2.89143449674675e-09,1.9275778407067e-07,"ENSG00000277452.1","RN7SL473P","Upregulated"
121.610518714794,3.6612148208195,0.61662752265333,5.93748200707195,2.89432797938498e-09,1.9275778407067e-07,"ENSG00000235033.7","RP11-61I13.3","Upregulated"
207.78358646177,1.00759631090755,0.169710470568873,5.93714876595454,2.90021487423569e-09,1.9275778407067e-07,"ENSG00000102057.9","KCND1","Upregulated"
1002.33777800651,1.31235763516189,0.221087686355911,5.93591464451452,2.92211805016794e-09,1.93666460519299e-07,"ENSG00000143891.16","GALM","Upregulated"
25.3588632707264,1.63061983347796,0.274872050633275,5.93228678478293,2.98744211329408e-09,1.97439713599953e-07,"ENSG00000214659.4","KRT8P26","Upregulated"
51.017965397901,1.69553339807276,0.285989013966708,5.9286661908983,3.05405216752141e-09,2.0127658094522e-07,"ENSG00000277224.2","HIST1H2BF","Upregulated"
27.3797888892488,1.23598810848027,0.208519336522958,5.92745080187892,3.07673485627301e-09,2.02205077369808e-07,"ENSG00000169607.12","CKAP2L","Upregulated"
19.4509453371771,1.09141951386607,0.184370536511291,5.91970677375138,3.22516119747124e-09,2.10782201816954e-07,"ENSG00000259717.1","LINC00677","Upregulated"
38.8331650503131,1.16075447983861,0.196334585097064,5.9121243425592,3.37723430369864e-09,2.18896883463971e-07,"ENSG00000264350.1","SNRPGP2","Upregulated"
14.4103965070629,1.67594423016781,0.28355719192237,5.91042751836334,3.41220971838772e-09,2.1995197329925e-07,"ENSG00000166920.12","C15orf48","Upregulated"
6595.50062245001,-1.01905573933866,0.172403676266856,-5.91087012414577,3.40305275852898e-09,2.1995197329925e-07,"ENSG00000212907.2","MT-ND4L","Downregulated"
6.96742586525235,2.19606343541859,0.371760632999203,5.90719737510048,3.4797675133297e-09,2.23693907250331e-07,"ENSG00000227017.1","AC007036.6","Upregulated"
4152.79843414842,1.14840500940051,0.194571768667793,5.90221807235181,3.58646660963879e-09,2.29924758560167e-07,"ENSG00000130303.12","BST2","Upregulated"
420.846455105143,2.37986688310541,0.404020927190865,5.89045448623786,3.85134935298542e-09,2.43587493486669e-07,"ENSG00000211640.4","IGLV6-57","Upregulated"
41832.4096532112,1.47278502387131,0.250594810257554,5.877156922594,4.17372524023976e-09,2.61168636841386e-07,"ENSG00000142089.15","IFITM3","Upregulated"
9513.08576378295,2.60906203986258,0.445176915970355,5.86073074830393,4.6083467820773e-09,2.84580533041246e-07,"ENSG00000239839.6","DEFA3","Upregulated"
237.199301986505,1.24396503434537,0.212295885184917,5.85958146697864,4.64035198013095e-09,2.85060578037914e-07,"ENSG00000110079.16","MS4A4A","Upregulated"
20.9587025504353,-1.5999998232242,0.273055573984405,-5.8596123854098,4.63948813897827e-09,2.85060578037914e-07,"ENSG00000109099.13","PMP22","Downregulated"
1537.38305574418,1.1412733489567,0.194936275008555,5.85459709285309,4.78167799565507e-09,2.92216415277331e-07,"ENSG00000132256.18","TRIM5","Upregulated"
89.0201010766867,1.19454718358453,0.204709856295316,5.83531836328029,5.36879549664198e-09,3.23061433363152e-07,"ENSG00000225075.1","RP11-426L16.3","Upregulated"
5.64604096778365,2.39403182747532,0.410352326265014,5.83408859714664,5.40853788089237e-09,3.24622651177642e-07,"ENSG00000279236.1","RP11-120K19.3","Upregulated"
2848.00068691721,1.17798680755365,0.201952726787191,5.83298292770743,5.4445140733798e-09,3.25950450683155e-07,"ENSG00000155363.18","MOV10","Upregulated"
152.608156322467,1.0549256091827,0.18115652732324,5.82328235570768,5.77029447789856e-09,3.41973522609565e-07,"ENSG00000234036.4","TXNP6","Upregulated"
1157.84134736364,1.25247351818207,0.215307854975661,5.81712877276888,5.9867022477828e-09,3.53020377157478e-07,"ENSG00000116663.10","FBXO6","Upregulated"
201.969473165038,-1.00716159851798,0.173210442074089,-5.81467021536254,6.07535384473987e-09,3.57352313147599e-07,"ENSG00000152207.7","CYSLTR2","Downregulated"
10.3105731384313,-1.22203538296647,0.210286110060644,-5.81129862839752,6.19900688905797e-09,3.62811527576508e-07,"ENSG00000142627.12","EPHA2","Downregulated"
571.37691763242,2.62275377174597,0.452080166836996,5.80152363262517,6.57150325815226e-09,3.83658383766269e-07,"ENSG00000164821.4","DEFA4","Upregulated"
24.9116257827501,1.45093832005914,0.250203762611756,5.79902678086652,6.67008808545735e-09,3.8653653318877e-07,"ENSG00000112742.9","TTK","Upregulated"
362.152103827163,1.11662254768713,0.192930468905405,5.78769415749783,7.13591845539799e-09,4.10542502048728e-07,"ENSG00000140807.6","NKD1","Upregulated"
8743.41932528698,2.57001168016191,0.44434199506493,5.78385952420807,7.30059140173645e-09,4.17260740049376e-07,"ENSG00000240247.7","DEFA1B","Upregulated"
6174.20546876428,1.18755886033146,0.205485163329031,5.7792924856083,7.50154159871382e-09,4.26319494527871e-07,"ENSG00000136689.18","IL1RN","Upregulated"
13.0881180024123,3.08353228182465,0.534413775946871,5.76993412335089,7.9302527609348e-09,4.4637078219922e-07,"ENSG00000108700.4","CCL8","Upregulated"
113.478364690732,1.18351765238407,0.205115358128044,5.77000992604978,7.9266863329604e-09,4.4637078219922e-07,"ENSG00000141837.19","CACNA1A","Upregulated"
64.0091158263332,1.32605281021262,0.22992422958196,5.76734697610425,8.05291473692408e-09,4.52193264750238e-07,"ENSG00000267736.2","HMGB2P1","Upregulated"
52.0602556937464,1.97076065664199,0.342235338464484,5.75849550044789,8.48669288455677e-09,4.73163294284009e-07,"ENSG00000079393.20","DUSP13","Upregulated"
605.090900110494,1.94625371286522,0.338277810112048,5.75341821037732,8.74567707122425e-09,4.85302571065481e-07,"ENSG00000010030.13","ETV7","Upregulated"
28.9107478711421,1.16985140907137,0.203462286505603,5.74972113585855,8.93907652109804e-09,4.94867276207987e-07,"ENSG00000010319.6","SEMA3G","Upregulated"
58.6062889679304,1.52492252406672,0.265275336535778,5.74845194423515,9.00642355042637e-09,4.97425195526835e-07,"ENSG00000213761.4","MT1P1","Upregulated"
105.767983343881,1.43418357584378,0.249607368176312,5.7457581734155,9.15100136813285e-09,5.0304850511549e-07,"ENSG00000259375.1","RP11-815J21.2","Upregulated"
49.0398366132598,1.19567722943837,0.208263643542173,5.74117118620487,9.40239819904389e-09,5.14464243783964e-07,"ENSG00000218772.2","FAM8A6P","Upregulated"
7.65777246759798,-1.34340101702092,0.234098530567886,-5.73861362462225,9.54547121142882e-09,5.19874645052077e-07,"ENSG00000185818.7","NAT8L","Downregulated"
24.9942579788581,1.03370595606766,0.180275132440532,5.73404629952858,9.80625436007428e-09,5.31616480607898e-07,"ENSG00000236264.4","RPL26P30","Upregulated"
50.7903431142823,1.09354389622062,0.190755861683496,5.73268829890554,9.88511956492109e-09,5.3465998419187e-07,"ENSG00000012171.19","SEMA3B","Upregulated"
355.277504101409,1.32008497534294,0.230744095886798,5.72099134441373,1.05904293227085e-08,5.61197344830374e-07,"ENSG00000282988.1","HIST1H3D","Upregulated"
14.5722453682439,1.84467930222465,0.323337870934099,5.70511365370072,1.16265484417913e-08,6.11967408810887e-07,"ENSG00000238025.1","ZDHHC4P1","Upregulated"
38.8662462905531,1.56094960057057,0.273720202006412,5.7027197449387,1.17910757647057e-08,6.16482870075034e-07,"ENSG00000093009.9","CDC45","Upregulated"
8.3284225374676,1.74373358141719,0.305811844577883,5.70198183076948,1.18422453430493e-08,6.16482870075034e-07,"ENSG00000249502.1","AC006160.5","Upregulated"
6.38693069672009,-1.23749147337185,0.217087113797857,-5.70043726558617,1.19500504353478e-08,6.20663988174092e-07,"ENSG00000100433.15","KCNK10","Downregulated"
6696.03100448208,2.55105086540739,0.447603292092818,5.69935679757777,1.2026029453031e-08,6.23234407424917e-07,"ENSG00000206047.2","DEFA1","Upregulated"
5949.78174580946,1.16441816321017,0.204338173519068,5.69848571687223,1.20876258318582e-08,6.23679080201666e-07,"ENSG00000221963.5","APOL6","Upregulated"
1080.3416340487,1.81105856998909,0.318318532109289,5.68945376189185,1.27446392415073e-08,6.53280767046153e-07,"ENSG00000164047.4","CAMP","Upregulated"
24.0737510725803,-1.03816317170092,0.182574784847409,-5.68623521900128,1.29870489442804e-08,6.61383739309585e-07,"ENSG00000117519.15","CNN3","Downregulated"
105.859558083218,1.3272877230989,0.233408832205985,5.68653598304096,1.29642079993044e-08,6.61383739309585e-07,"ENSG00000196866.2","HIST1H2AD","Upregulated"
386.555196102336,1.26645364679345,0.222789635933982,5.68452675764833,1.31175384717776e-08,6.66241195719285e-07,"ENSG00000185339.8","TCN2","Upregulated"
179.510526987945,1.59727733800753,0.281391026074968,5.67636203715317,1.37589424881287e-08,6.93191432249875e-07,"ENSG00000133216.16","EPHB2","Upregulated"
175.905320494635,1.05369128221813,0.185617878455985,5.67666913867883,1.37342750738301e-08,6.93191432249875e-07,"ENSG00000213492.2","NT5C3AP1","Upregulated"
75.1062309811686,1.11755139540542,0.197548236359894,5.65710641612341,1.53946319803686e-08,7.69012529159476e-07,"ENSG00000261612.1","SUB1P3","Upregulated"
27.2324472884802,1.17839189196318,0.208558522567081,5.65017376158366,1.6028573147276e-08,7.93979093386014e-07,"ENSG00000224337.1","FAM8A3P","Upregulated"
579.544507697058,2.15783444538737,0.38190646573635,5.6501647366113,1.60294147126129e-08,7.93979093386014e-07,"ENSG00000211659.2","IGLV3-25","Upregulated"
6631.12571492448,1.38362180050599,0.245111770083835,5.64486071000489,1.65315035080908e-08,8.1201088630138e-07,"ENSG00000117228.9","GBP1","Upregulated"
187.441843424051,2.16688365158646,0.384556028920443,5.63476707846583,1.75295097825449e-08,8.53901254997341e-07,"ENSG00000211645.2","IGLV1-50","Upregulated"
1077.51051094525,1.24376861087958,0.221342183133825,5.619211816157,1.91830559895236e-08,9.2677400682035e-07,"ENSG00000225492.6","GBP1P1","Upregulated"
349.727625902817,2.23811186115741,0.398878286080736,5.61101453565813,2.01143866888688e-08,9.6779404911187e-07,"ENSG00000132464.11","ENAM","Upregulated"
43.4471860455981,1.01027884633044,0.180100376052355,5.6095321313308,2.02874329824361e-08,9.72144039125777e-07,"ENSG00000268618.1","AC092316.1","Upregulated"
23.791372645961,1.69189232680186,0.301824665039704,5.60554693758806,2.07598351838416e-08,9.907452377392e-07,"ENSG00000129173.12","E2F8","Upregulated"
44.6295531226811,1.73052769887322,0.309055632962198,5.59940513714854,2.1508859390059e-08,1.02028315268006e-06,"ENSG00000126787.12","DLGAP5","Upregulated"
660.250450730698,2.41561302470854,0.431524715904785,5.59785554726266,2.17019456384918e-08,1.02530798590851e-06,"ENSG00000118520.14","ARG1","Upregulated"
5669.67645129779,1.00122974052192,0.179269802953535,5.58504401759972,2.33641029725245e-08,1.09942122947511e-06,"ENSG00000137414.5","FAM8A1","Upregulated"
29.4254480859719,1.02699916475498,0.184068054936501,5.57945356194084,2.41275347627173e-08,1.13082198784306e-06,"ENSG00000224543.4","SNRPGP15","Upregulated"
257.883113509605,1.70289918589262,0.305292364567736,5.57792917062882,2.43398716090281e-08,1.13850596265848e-06,"ENSG00000171848.13","RRM2","Upregulated"
40.804076854553,1.2704492983792,0.227974625929551,5.57276623746626,2.50725902245354e-08,1.16122690072046e-06,"ENSG00000232680.2","AC002511.3","Upregulated"
22.0457238452723,1.94981825240687,0.350894761839883,5.55670378829021,2.7491671034407e-08,1.25353495367738e-06,"ENSG00000248385.7","TARM1","Upregulated"
57.4786821295606,1.32388703486677,0.238337691675439,5.55466919881727,2.78137985549194e-08,1.26332635598483e-06,"ENSG00000145088.8","EAF2","Upregulated"
342.455647587291,-1.484742156307,0.268337516799299,-5.53311431817975,3.14594282704031e-08,1.41255234417184e-06,"ENSG00000183134.4","PTGDR2","Downregulated"
28.4737235806357,1.78309164559619,0.322369866877176,5.53119825642872,3.18050601675101e-08,1.4226415506106e-06,"ENSG00000072571.19","HMMR","Upregulated"
22.8666169301097,1.27548695211378,0.230670404635684,5.52947810590724,3.21184881874299e-08,1.42950790631092e-06,"ENSG00000274963.1","RN7SL600P","Upregulated"
43.0710648964341,1.03440323425225,0.187074810046926,5.52935605810736,3.21408399540326e-08,1.42950790631092e-06,"ENSG00000235363.1","SNRPGP10","Upregulated"
293.440323663265,1.70672314669794,0.308893249079863,5.52528471173117,3.28951725089553e-08,1.46029739394472e-06,"ENSG00000270972.1","RP11-326C3.15","Upregulated"
7.62258241378001,2.543468700663,0.460731154322599,5.52050512929301,3.38026525758975e-08,1.49213660376307e-06,"ENSG00000186417.13","GLDN","Upregulated"
34.5143312469356,-1.34399151513965,0.243694536316549,-5.51506626063156,3.48648577324182e-08,1.53614302009052e-06,"ENSG00000163520.13","FBLN2","Downregulated"
11.9481113901352,1.86501854216823,0.338787408177865,5.50498187698018,3.69206247944704e-08,1.61162979622319e-06,"ENSG00000152253.8","SPC25","Upregulated"
56.9198773547092,2.23426721466475,0.405919066054366,5.50421845512797,3.70809523889522e-08,1.61563082927272e-06,"ENSG00000065618.18","COL17A1","Upregulated"
3608.93468171973,2.19420500588593,0.399212379701966,5.4963350773942,3.87765396711009e-08,1.6801738957305e-06,"ENSG00000132465.10","JCHAIN","Upregulated"
41.7264536565227,-1.22726789559009,0.223364801414995,-5.49445520429122,3.91918388539268e-08,1.69269350924562e-06,"ENSG00000148600.14","CDHR1","Downregulated"
68.8718618484181,1.09833007571553,0.20011379059087,5.48852766454789,4.0529780096432e-08,1.73694838999791e-06,"ENSG00000110492.15","MDK","Upregulated"
224.583571640715,2.17187808752093,0.395762691507113,5.48782928287189,4.06903025907918e-08,1.73749807505653e-06,"ENSG00000211669.2","IGLV3-10","Upregulated"
39.1293205148933,1.34509566731964,0.245091627753977,5.48813388546199,4.06202142591247e-08,1.73749807505653e-06,"ENSG00000261211.1","RP1-80N2.3","Upregulated"
70.3537019923928,1.30356090328667,0.237994602454431,5.47727087019236,4.31935765499147e-08,1.8344015687119e-06,"ENSG00000175518.6","UBQLNL","Upregulated"
83.3135832694688,2.15019363550804,0.392553859848262,5.47744871579961,4.31502008275743e-08,1.8344015687119e-06,"ENSG00000173391.8","OLR1","Upregulated"
123.050987071149,1.2784667720344,0.233879653626685,5.46634455887756,4.59410921670246e-08,1.92331319662946e-06,"ENSG00000197409.7","HIST1H3D","Upregulated"
18.1161318733814,1.15752308323319,0.211833372217029,5.46430938203295,4.64712436254473e-08,1.93651129343027e-06,"ENSG00000233154.5","LINC01762","Upregulated"
9.2193571371285,1.53423826790615,0.280806792807363,5.4636793240207,4.66365688241959e-08,1.93651129343027e-06,"ENSG00000163746.11","PLSCR2","Upregulated"
25.8521397535819,1.49603245384906,0.273820071353579,5.46356023666819,4.66678809662939e-08,1.93651129343027e-06,"ENSG00000277157.1","HIST1H4D","Upregulated"
45.2246774207768,1.55919437493349,0.285680028395813,5.45783471000361,4.81976008874091e-08,1.98946167312099e-06,"ENSG00000066279.17","ASPM","Upregulated"
6.52455618162407,2.12028794854768,0.388532719881743,5.45716702879755,4.83791221313603e-08,1.99236284387051e-06,"ENSG00000229054.1","RPS29P14","Upregulated"
51.5084646141395,1.03553432226407,0.189896916487836,5.45313921582501,4.94882947993291e-08,2.02850278752372e-06,"ENSG00000262519.1","TXNP4","Upregulated"
6.2111762264483,2.89788362044375,0.531386108082582,5.45344256533216,4.94039077305307e-08,2.02850278752372e-06,"ENSG00000223387.6","LINC02068","Upregulated"
1109.50095416858,3.29720357843403,0.60516382441356,5.44844791677562,5.0811265593362e-08,2.07910862066195e-06,"ENSG00000146122.16","DAAM2","Upregulated"
1101.86094424256,2.07712899663299,0.38162378713287,5.44287087615374,5.24286519583585e-08,2.14156479735461e-06,"ENSG00000211653.2","IGLV1-40","Upregulated"
28.1197945737401,1.49441905568791,0.274816060210042,5.43788836265875,5.39157373129517e-08,2.19468766003309e-06,"ENSG00000267881.1","AC011513.3","Upregulated"
376.471214184631,-1.47412839663012,0.271593193078411,-5.42770744701443,5.70825029662689e-08,2.29578996545363e-06,"ENSG00000179348.11","GATA2","Downregulated"
10.5642707509061,1.96770849688305,0.363056731748258,5.41983752073066,5.96532261571309e-08,2.38288812398128e-06,"ENSG00000259268.1","AC007950.1","Upregulated"
9.64994771622654,-1.10993080980726,0.204816115134841,-5.4191576140214,5.98805097184854e-08,2.3832242605087e-06,"ENSG00000090530.9","P3H2","Downregulated"
573.799497040428,1.5941947478311,0.294249834771651,5.4178271640093,6.03276909405858e-08,2.39357489451957e-06,"ENSG00000166527.7","CLEC4D","Upregulated"
288.967974985587,1.22532343222595,0.226277658218613,5.4151321958712,6.12434409208124e-08,2.42007898251631e-06,"ENSG00000154589.6","LY96","Upregulated"
265.891312096625,2.02475856480447,0.374131788019942,5.41188594404211,6.23644087623498e-08,2.44551634893428e-06,"ENSG00000096006.11","CRISP3","Upregulated"
18.0397625923649,1.86226185769791,0.344268649225183,5.40932745949755,6.32618654531493e-08,2.4642800834134e-06,"ENSG00000074410.13","CA12","Upregulated"
86.8119968540724,1.00238702799049,0.185602826980606,5.40070991534646,6.63776878915011e-08,2.56442404057675e-06,"ENSG00000139194.7","RBP5","Upregulated"
182.020554403768,2.26788972649698,0.42000505541193,5.39967244982968,6.67626804782007e-08,2.57085490391343e-06,"ENSG00000211670.2","IGLV3-9","Upregulated"
107.011164317763,2.18888581374709,0.405431280693346,5.39890708483021,6.70480850546668e-08,2.57762638099053e-06,"ENSG00000283646.1","LINC02009","Upregulated"
241.448567484392,1.26764604510715,0.234955757618695,5.39525422979583,6.84265962822e-08,2.61758873042895e-06,"ENSG00000233030.2","RP11-196G18.3","Upregulated"
25.350089534254,1.0331987588421,0.191535943392055,5.39428130587087,6.8798363006509e-08,2.61923605957467e-06,"ENSG00000283020.1","DUX4L37","Upregulated"
288.203163521942,1.7065855166284,0.316867473114593,5.38580214577981,7.21222661427065e-08,2.71937929135512e-06,"ENSG00000086548.8","CEACAM6","Upregulated"
17.1776385271203,2.2175123456751,0.412061844509841,5.38150371168894,7.38661803157244e-08,2.77623560777694e-06,"ENSG00000133328.3","HRASLS2","Upregulated"
4.74802580613524,-1.31609378743523,0.244649818091475,-5.37950037200983,7.46928404715798e-08,2.79836488951486e-06,"ENSG00000066382.16","MPPED2","Downregulated"
468.491577808532,1.3979831681016,0.260110866964986,5.37456656237968,7.67671212822775e-08,2.86240385028435e-06,"ENSG00000134827.7","TCN1","Upregulated"
9.95005990681402,1.39708087649127,0.260057133412241,5.3722074767187,7.7778541753565e-08,2.89095344451481e-06,"ENSG00000250613.1","RP11-136I13.1","Upregulated"
368.622931710525,1.25156226234119,0.233060753902617,5.37011161846728,7.86879237778545e-08,2.92014112089174e-06,"ENSG00000158406.4","HIST1H4H","Upregulated"
13.7935908201199,1.43996315761566,0.268413765417632,5.36471427005684,8.10774614406548e-08,2.99735708879059e-06,"ENSG00000136634.5","IL10","Upregulated"
14.6570414764704,1.42567991150708,0.265822201375768,5.36328381951714,8.17224441010096e-08,3.00902294962215e-06,"ENSG00000221955.10","SLC12A8","Upregulated"
52.852397392824,1.65711749269816,0.309471911796452,5.35466202111452,8.57164845825131e-08,3.14192233595964e-06,"ENSG00000079215.13","SLC1A3","Upregulated"
1332.34362526667,1.15360703790552,0.215542274879361,5.35211497861007,8.69321302514518e-08,3.17599248533565e-06,"ENSG00000155307.17","SAMSN1","Upregulated"
61.2099595623126,1.64952156529616,0.308407286139006,5.34851684584612,8.86779233701351e-08,3.21977497076009e-06,"ENSG00000159189.11","C1QC","Upregulated"
3602.44659883022,1.15268577207093,0.215662668894725,5.34485536128465,9.04892819376258e-08,3.27040218959825e-06,"ENSG00000284194.1","SCO2","Upregulated"
90.6078732007119,2.28472772598035,0.427638046195102,5.34266711371604,9.15888678306022e-08,3.28992806460826e-06,"ENSG00000211658.2","IGLV3-27","Upregulated"
14.3588073790059,2.22920928992248,0.417566272038821,5.33857602779573,9.36794225746365e-08,3.34968002178731e-06,"ENSG00000249173.5","LINC01093","Upregulated"
35.0896241230987,1.14090197149121,0.21380520239093,5.3361749795271,9.49277974367593e-08,3.38916725051908e-06,"ENSG00000092853.13","CLSPN","Upregulated"
14.6946043293177,1.33191749061704,0.249814770849744,5.33162024842058,9.73403312054771e-08,3.46518172756254e-06,"ENSG00000229677.1","RP11-383F6.1","Upregulated"
180.982398336718,1.69467595066169,0.317913969913926,5.33061177248837,9.78824672101057e-08,3.47881977117729e-06,"ENSG00000133063.15","CHIT1","Upregulated"
13.1038703819334,1.55040645651955,0.291001315879739,5.32783314684487,9.93913634858555e-08,3.52711915549805e-06,"ENSG00000224295.2","OLFM5P","Upregulated"
49.7081204910844,1.06466648053429,0.200649598567479,5.30609823361417,1.11996617418443e-07,3.90509544477886e-06,"ENSG00000123975.4","CKS2","Upregulated"
814.288558658459,1.91456251286698,0.362633534021322,5.27960691234477,1.29461322370613e-07,4.39533332285104e-06,"ENSG00000211673.2","IGLV3-1","Upregulated"
26.1695822497577,1.03171845034249,0.195445329160736,5.27880842572604,1.30026658979812e-07,4.40182335608205e-06,"ENSG00000251453.1","HAUS1P1","Upregulated"
93.5713334286643,1.19528510421279,0.22718120845232,5.26137312304884,1.42983539435179e-07,4.76503784112026e-06,"ENSG00000144130.11","NT5DC4","Upregulated"
83.0969758592692,-1.23495218908603,0.234831451697124,-5.25888751341035,1.44929505499775e-07,4.82305715049322e-06,"ENSG00000134489.6","HRH4","Downregulated"
29221.8148288213,-1.02980512359322,0.195836850616848,-5.25848490899201,1.45247102580944e-07,4.82679919424357e-06,"ENSG00000198727.2","MT-CYB","Downregulated"
37.2258626133077,2.73156077073339,0.519639853377826,5.25664217818816,1.4670936431687e-07,4.86331888348775e-06,"ENSG00000189221.9","MAOA","Upregulated"
8650.24269554021,1.09043968423984,0.207591954925103,5.25280319573686,1.49801579226843e-07,4.95018476973196e-06,"ENSG00000156587.15","UBE2L6","Upregulated"
10.923200819871,1.18294058500169,0.225219701691225,5.25238500947621,1.50142201421189e-07,4.95401623582889e-06,"ENSG00000203811.1","HIST2H3C","Upregulated"
45.0271305772508,1.13131388964801,0.215487955652947,5.2500098495994,1.52091077782968e-07,4.98384244857614e-06,"ENSG00000075218.18","GTSE1","Upregulated"
4161.34430033708,1.06365422826966,0.202709726529852,5.24717904008924,1.54445791045063e-07,5.05396463380839e-06,"ENSG00000188897.8","CTD-3088G3.8","Upregulated"
39.20180985438,1.39477910845301,0.265860785711055,5.24627618444225,1.5520418840432e-07,5.07172797885673e-06,"ENSG00000138180.15","CEP55","Upregulated"
81.5218347895949,1.03558187716573,0.198050962461391,5.22886566313763,1.70553231424101e-07,5.53486403992587e-06,"ENSG00000235192.1","AC009495.2","Upregulated"
29.809058185391,1.11398893229009,0.213140508963462,5.22654720919829,1.72704738084168e-07,5.59696567168638e-06,"ENSG00000279283.1","RP11-417L19.5","Upregulated"
8.18285152555541,3.51397938366212,0.672526439019939,5.22504273405665,1.74114892535097e-07,5.62716372467825e-06,"ENSG00000223629.1","DEFA8P","Upregulated"
229.698961807485,1.04498983788497,0.200013913082381,5.22458573896588,1.745454368168e-07,5.63334024338228e-06,"ENSG00000237781.3","RP11-54A4.2","Upregulated"
243.869216243262,-1.48255492130588,0.28379835465383,-5.22397292653179,1.75124395578829e-07,5.64428325914889e-06,"ENSG00000091181.19","IL5RA","Downregulated"
285.633301620359,1.57321992644505,0.301450337979743,5.21883616713932,1.80050939789931e-07,5.7872110811168e-06,"ENSG00000104918.7","RETN","Upregulated"
21015.5266567587,1.02544136967551,0.196530601864244,5.21771856366595,1.81140416911473e-07,5.81428612427442e-06,"ENSG00000164054.15","SHISA5","Upregulated"
184.576051571018,1.21856842008642,0.233665273243742,5.21501720461174,1.8380017512955e-07,5.87561212017398e-06,"ENSG00000172159.15","FRMD3","Upregulated"
1036.36457997513,1.48359751344091,0.284505154473698,5.214659524132,1.84155165205802e-07,5.87873904677663e-06,"ENSG00000223722.3","RP11-467L13.5","Upregulated"
12.9633440822922,2.52539243717743,0.484387814525275,5.21357548940912,1.85235098997216e-07,5.89744439676117e-06,"ENSG00000254006.5","RP11-1D12.2","Upregulated"
17.7985890319314,1.38295076870491,0.265487595635459,5.20909749246379,1.89761390203372e-07,6.03338647122289e-06,"ENSG00000140534.13","TICRR","Upregulated"
57.5617385035932,1.24473087503367,0.239586153849467,5.19533727235231,2.04349018560021e-07,6.41912377660905e-06,"ENSG00000216331.2","HIST1H1PS1","Upregulated"
174.890814080384,1.35796656950129,0.261534332240135,5.19230709738879,2.07704029598984e-07,6.4984845856448e-06,"ENSG00000213373.7","LINC00671","Upregulated"
461.516633682849,-1.18669274719972,0.228677387448151,-5.18937512992526,2.11000942188669e-07,6.57540419578147e-06,"ENSG00000112759.16","SLC29A1","Downregulated"
10.3840916759871,2.57402415251985,0.496480386290703,5.18454348569712,2.16544618094844e-07,6.73033259515918e-06,"ENSG00000154277.12","UCHL1","Upregulated"
7731.94740212776,1.82874005970831,0.353048407545811,5.17985641804945,2.22056752145686e-07,6.86533626749757e-06,"ENSG00000211677.2","IGLC2","Upregulated"
8.73469170056527,-1.13821620669361,0.219759165122369,-5.17937991828378,2.22624663021129e-07,6.86533626749757e-06,"ENSG00000169744.12","LDB2","Downregulated"
130.01189049393,1.27153761993376,0.245500542493229,5.17936786216605,2.22639050157287e-07,6.86533626749757e-06,"ENSG00000113721.13","PDGFRB","Upregulated"
20.8175685292876,1.36643449372268,0.263899801701368,5.17785343116305,2.24453454722261e-07,6.91222628626355e-06,"ENSG00000283384.1","RP11-153I24.5","Upregulated"
18.2208900956635,1.17657548905961,0.227303736947119,5.1762258943122,2.26419295352971e-07,6.95456028859623e-06,"ENSG00000234998.1","RP11-439A17.10","Upregulated"
48.4365204737382,1.40613972580607,0.271767294030796,5.17405794108074,2.29063739342508e-07,7.01746309798247e-06,"ENSG00000250608.1","RP11-933H2.4","Upregulated"
16.2398000308033,1.51078477828769,0.292105934963204,5.17204410269171,2.31546913559865e-07,7.08431181045058e-06,"ENSG00000157856.10","DRC1","Upregulated"
379.825198697415,1.98682623035184,0.384830034575326,5.16286685508936,2.43196127107255e-07,7.41181150075065e-06,"ENSG00000242076.2","IGKV1-33","Upregulated"
67.8342924877672,1.07541207979811,0.208340898842957,5.16179053546627,2.4459889749473e-07,7.44491961223288e-06,"ENSG00000226641.1","RP13-13A3.1","Upregulated"
215.193893503594,1.12527023090064,0.218131037487625,5.15868921663417,2.48684703990781e-07,7.53166433351425e-06,"ENSG00000118898.15","PPL","Upregulated"
23.6651651318175,1.48151138063874,0.28718943198697,5.15865563154131,2.48729309212027e-07,7.53166433351425e-06,"ENSG00000196114.3","RP3-391O22.3","Upregulated"
8.12106591525175,2.50445910102373,0.48587565530058,5.1545268294506,2.54272155487312e-07,7.65140544099253e-06,"ENSG00000017427.15","IGF1","Upregulated"
282.458203618222,1.18647434024507,0.230192970707052,5.15425964833218,2.54634922657988e-07,7.65140544099253e-06,"ENSG00000185338.4","SOCS1","Upregulated"
1971.58084230015,1.29815041321192,0.252017875637458,5.15102514029355,2.59066454722797e-07,7.75485438513735e-06,"ENSG00000138772.12","ANXA3","Upregulated"
12.5026732598993,1.00735035586412,0.195602679784785,5.14998238762614,2.60510920953378e-07,7.78818417813352e-06,"ENSG00000253991.1","KB-1562D12.2","Upregulated"
369.349293472556,2.00728532852689,0.39072488599653,5.1373367821386,2.78659306732824e-07,8.23655297589182e-06,"ENSG00000239975.2","IGKV1D-33","Upregulated"
83.804914533881,1.11629045206138,0.218029859534649,5.11989712988821,3.05702365576953e-07,8.90168967486949e-06,"ENSG00000283064.1","RP1-221C16.8","Upregulated"
148.212650431791,1.19206412958332,0.232840623642807,5.11965700371953,3.0609185049649e-07,8.90201366932189e-06,"ENSG00000260943.1","RP11-476D10.1","Upregulated"
74.0113290998134,2.1132166120541,0.412862813227288,5.11844744634517,3.08061050531837e-07,8.94822271223835e-06,"ENSG00000211611.2","IGKV6-21","Upregulated"
6.45172286638707,1.75349932610028,0.342721812721173,5.11639254057886,3.11434581407019e-07,9.03505897822978e-06,"ENSG00000223914.1","AC079630.2","Upregulated"
6421.0361812931,1.77178203035643,0.346407478234189,5.11473377938629,3.1418375381318e-07,9.10359034447844e-06,"ENSG00000211679.2","IGLC3","Upregulated"
281.129900405464,2.04835980431643,0.401079506301794,5.10711659940843,3.27111915533539e-07,9.4317268978837e-06,"ENSG00000172232.9","AZU1","Upregulated"
41.2561058353471,1.05382310950852,0.206719358519401,5.09784432893167,3.4354314435262e-07,9.80932415088404e-06,"ENSG00000261245.2","RP11-120K18.3","Upregulated"
11.2817394899724,2.05243354464665,0.402943009879634,5.09360751849186,3.5131366574368e-07,1.00069103239919e-05,"ENSG00000151364.16","KCTD14","Upregulated"
36.0725621371991,1.38581111479431,0.272119805583043,5.09265068679979,3.53091881282611e-07,1.00453999792228e-05,"ENSG00000125355.15","TMEM255A","Upregulated"
185.562438837264,1.35292256724084,0.265679140009029,5.09231762491728,3.53712893147478e-07,1.00509141907897e-05,"ENSG00000223401.2","RP11-211G3.2","Upregulated"
9.80889098936137,4.75201939212442,0.934024806512819,5.08768006908305,3.62470168837007e-07,1.02625729631734e-05,"ENSG00000169174.10","PCSK9","Upregulated"
391.536057778831,2.0504354950051,0.40314433038606,5.08610772980872,3.65486500734956e-07,1.03355365255914e-05,"ENSG00000124469.11","CEACAM8","Upregulated"
70.8521716613625,1.49104856158481,0.293476606812112,5.08063854826903,3.76168263871214e-07,1.0612094619139e-05,"ENSG00000089685.14","BIRC5","Upregulated"
61.8135636167597,1.09829142767057,0.21658502739402,5.07094807469082,3.95838773155124e-07,1.10872555414211e-05,"ENSG00000254373.1","RP11-34P1.2","Upregulated"
13.1582064301478,1.46131773325093,0.288212486730919,5.07027904941276,3.97232840028689e-07,1.11130728420868e-05,"ENSG00000264672.5","SEPT4-AS1","Upregulated"
215.02861427009,1.10962968695198,0.218870329302005,5.06980407299005,3.98225436182025e-07,1.11276105255234e-05,"ENSG00000020577.13","SAMD4A","Upregulated"
35.5908701224644,1.28996042361432,0.254646551186646,5.06568974762523,4.06924210352973e-07,1.13474385029202e-05,"ENSG00000135451.12","TROAP","Upregulated"
12.587491455839,1.3440743985456,0.265425690810323,5.06384440195767,4.10885052063325e-07,1.14275363765256e-05,"ENSG00000141977.9","CIB3","Upregulated"
8.70154137679328,-1.22813385233557,0.24271944124511,-5.05989073654525,4.19496794736215e-07,1.16253481584849e-05,"ENSG00000164283.12","ESM1","Downregulated"
22.0327623791619,1.44882347270479,0.286321219439387,5.06013307550717,4.18963967926668e-07,1.16253481584849e-05,"ENSG00000184661.13","CDCA2","Upregulated"
14.3337372033983,2.15137758102303,0.4252190305953,5.05945742365091,4.20451142928347e-07,1.16380876362566e-05,"ENSG00000122641.10","INHBA","Upregulated"
26.6133095579491,1.48445452188141,0.293426936816832,5.05902606619944,4.2140326473936e-07,1.16482208350548e-05,"ENSG00000239887.4","C1orf226","Upregulated"
11.122677355995,2.06785157203526,0.408932676944588,5.05670416824006,4.26564159111626e-07,1.17382474100332e-05,"ENSG00000168078.9","PBK","Upregulated"
14.1092272950996,2.27433045171085,0.449786234336869,5.05646966956193,4.27088757805824e-07,1.17389536140834e-05,"ENSG00000253655.2","IGJP1","Upregulated"
881.687707567993,1.23175572913908,0.243634252261657,5.05575762728223,4.28685489938571e-07,1.17416905788995e-05,"ENSG00000244398.1","RP11-466H18.1","Upregulated"
37.3220567975361,1.29510768246075,0.25616054346388,5.05584374918914,4.28492058577187e-07,1.17416905788995e-05,"ENSG00000156970.12","BUB1B","Upregulated"
4326.44703758551,1.04416205754138,0.206525866326745,5.05584155686052,4.28496981542309e-07,1.17416905788995e-05,"ENSG00000140464.19","PML","Upregulated"
91.3587650193469,1.89654586725875,0.375178180254576,5.05505375065217,4.30269570565083e-07,1.1771374949134e-05,"ENSG00000223350.2","IGLV9-49","Upregulated"
10.6517354994147,1.35634727621359,0.268483095632984,5.05189078297768,4.37457830872249e-07,1.19126248203267e-05,"ENSG00000105388.15","CEACAM5","Upregulated"
68.441043752283,-1.5558608704704,0.308197751682819,-5.04825509587627,4.45863551244617e-07,1.20716658615459e-05,"ENSG00000205927.4","OLIG2","Downregulated"
12.0911176193179,1.21624009442209,0.240934499561348,5.04801137502687,4.46432572730948e-07,1.20731788174871e-05,"ENSG00000231123.1","SPATA20P1","Upregulated"
27.0453747986372,1.13324503432109,0.224642031172227,5.04467052940889,4.54303501222062e-07,1.22578586889366e-05,"ENSG00000143228.12","NUF2","Upregulated"
174.203164482333,1.44693684816903,0.287049337707665,5.04072526250735,4.63770866220273e-07,1.24704010747778e-05,"ENSG00000173369.15","C1QB","Upregulated"
1234.90901293596,2.05911164055121,0.408739047431569,5.03771698224145,4.71117353065234e-07,1.26390525460876e-05,"ENSG00000211662.2","IGLV3-21","Upregulated"
14.4632614113752,1.31493610118555,0.261052603422748,5.03705415669097,4.72751056557883e-07,1.2649682360203e-05,"ENSG00000228526.6","MIR34AHG","Upregulated"
191.441945699258,1.17169450093206,0.234019526250403,5.00682365999807,5.53355782884671e-07,1.43384965415314e-05,"ENSG00000233029.3","RP11-439A17.9","Upregulated"
191.654561805686,1.10486879116318,0.220933169175746,5.00091858223556,5.70578058698335e-07,1.47637895174405e-05,"ENSG00000256039.1","RP11-291B21.2","Upregulated"
1035.19100143307,1.71789690446826,0.34352661287018,5.00076803399641,5.71023821016271e-07,1.47637895174405e-05,"ENSG00000211660.3","IGLV2-23","Upregulated"
806.648306236747,1.75969455967343,0.351988268542265,4.99929888845752,5.75391514324982e-07,1.48278330219476e-05,"ENSG00000211644.3","IGLV1-51","Upregulated"
249.574515742519,1.69643310029696,0.33940174153349,4.99830405298484,5.78367377718185e-07,1.4871942801042e-05,"ENSG00000211676.2","IGLJ2","Upregulated"
88.8638428408261,1.23562151482812,0.247515007522294,4.99210745722893,5.97240094597549e-07,1.52903862303494e-05,"ENSG00000239719.1","RP4-800G7.1","Upregulated"
1079.85180404869,1.89550627819925,0.379784966036427,4.99099871693563,6.00678967660362e-07,1.53450323030543e-05,"ENSG00000211651.3","IGLV1-44","Upregulated"
6.19859067777398,-1.2294765120096,0.246513135816633,-4.98746854984694,6.11755743956302e-07,1.55941377506001e-05,"ENSG00000158270.11","COLEC12","Downregulated"
22.7504313911339,-1.39682476382839,0.280394428462117,-4.98164236532648,6.30468748389658e-07,1.59845568018447e-05,"ENSG00000099998.17","GGT5","Downregulated"
13.5519677533235,-1.65512292633434,0.332615436521834,-4.976085727235,6.48829209133758e-07,1.63970500886134e-05,"ENSG00000186081.11","KRT5","Downregulated"
23.8017652357314,1.53499170266845,0.308598351764545,4.97407615397642,6.55595346749464e-07,1.65275952404135e-05,"ENSG00000164045.11","CDC25A","Upregulated"
1828.52050079394,1.81078266432304,0.364132229651475,4.97287116291849,6.59685051060254e-07,1.66000747394071e-05,"ENSG00000115604.10","IL18R1","Upregulated"
3954.88855385473,1.3371450902838,0.269005815946477,4.97069212269316,6.67143161293867e-07,1.67698122851732e-05,"ENSG00000163221.8","S100A12","Upregulated"
29.203749454778,1.28463940778731,0.258482696162411,4.96992420328262,6.69790798666134e-07,1.68183969167735e-05,"ENSG00000225416.1","AC104843.3","Upregulated"
13.9128488700377,1.02367242611752,0.206007923820439,4.96909248505301,6.72669823781044e-07,1.68726818911731e-05,"ENSG00000099834.18","CDHR5","Upregulated"
11.4004143329905,-1.08793104580656,0.219134720292872,-4.9646675996964,6.88188344688773e-07,1.72252078445079e-05,"ENSG00000162391.11","FAM151A","Downregulated"
204.862752705092,1.91694195064947,0.386108725075453,4.96477242329829,6.87816760381739e-07,1.72252078445079e-05,"ENSG00000211655.3","IGLV1-36","Upregulated"
69.360628325937,1.02288737837212,0.206231088970439,4.95990872898285,7.05263081294331e-07,1.76338254800138e-05,"ENSG00000203397.2","RP13-36G14.3","Upregulated"
93.2481948915372,1.4778586875702,0.298214223357842,4.95569483886367,7.20722580144626e-07,1.793343130744e-05,"ENSG00000185897.6","FFAR3","Upregulated"
24.0829703894441,1.25962220708405,0.254209134574239,4.95506272500288,7.23069595406819e-07,1.79644999374146e-05,"ENSG00000174307.6","PHLDA3","Upregulated"
7.45495971139993,1.12101578644829,0.226257318656783,4.95460563708347,7.24771331577446e-07,1.79877846934115e-05,"ENSG00000226987.1","RP11-544A12.5","Upregulated"
17.1993079542904,1.47210528198949,0.297219306495054,4.95292617208899,7.31057168154672e-07,1.81246712880328e-05,"ENSG00000183856.10","IQGAP3","Upregulated"
57.4121636199042,1.01935352035142,0.205983269326915,4.94871997945429,7.47031287137178e-07,1.84043477735744e-05,"ENSG00000135424.15","ITGA7","Upregulated"
77.9302547190134,1.06787074553497,0.216009891490084,4.94361965634336,7.6685245790535e-07,1.88138734406643e-05,"ENSG00000260361.1","CTD-2313J17.5","Upregulated"
90.6870445937299,1.46771546044969,0.297047925612122,4.94100558832449,7.7720680543587e-07,1.90282223915662e-05,"ENSG00000126251.6","GPR42","Upregulated"
90.7613860843873,1.23527270388993,0.250070658307837,4.93969469368659,7.82449842680538e-07,1.91168015561658e-05,"ENSG00000253945.1","RP11-328L11.1","Upregulated"
9.95024877131822,-1.32380319241042,0.268117715120155,-4.93739547130323,7.91728172579924e-07,1.93204886945682e-05,"ENSG00000137672.12","TRPC6","Downregulated"
12.2385017643427,1.14074330527539,0.231049588622595,4.93722283634413,7.92429088331277e-07,1.93204886945682e-05,"ENSG00000187172.15","BAGE2","Upregulated"
18.5932817091548,2.0369515009976,0.412608099619602,4.93677051632175,7.9426839001146e-07,1.93452864184158e-05,"ENSG00000253191.1","IGKV1D-32","Upregulated"
11.636392046224,1.4524422315351,0.295733464755712,4.91132186455421,9.04644500793209e-07,2.16525694960963e-05,"ENSG00000204421.2","LY6G6C","Upregulated"
17.4954402239318,1.17979959577281,0.240328411322952,4.90911411296853,9.1488733301781e-07,2.18532681941554e-05,"ENSG00000153093.18","ACOXL","Upregulated"
30.2676102199793,1.15525486130435,0.235357783119994,4.90850502579455,9.17732779495483e-07,2.18990028762371e-05,"ENSG00000259182.5","RP11-424I19.2","Upregulated"
11.6529726507701,2.34690552180398,0.478419031917499,4.90554381249759,9.31688400890285e-07,2.21870088017678e-05,"ENSG00000163710.7","PCOLCE2","Upregulated"
8.76795209698497,1.49609637150355,0.305043052514906,4.90454170048814,9.36457263028405e-07,2.2233064061082e-05,"ENSG00000230825.1","AC005532.5","Upregulated"
5.85010945539705,2.12603187767355,0.434211120498761,4.89630913927646,9.76534027151364e-07,2.29529396511661e-05,"ENSG00000130054.4","FAM155B","Upregulated"
12.3379561358615,1.30909249193367,0.267431869955006,4.89505043715961,9.82805188441368e-07,2.30542776407263e-05,"ENSG00000224789.1","AC012363.4","Upregulated"
581.377866495562,1.72390713049446,0.352295924138275,4.89334963131117,9.91340630525887e-07,2.32082212487692e-05,"ENSG00000257017.8","HP","Upregulated"
7.95635420626018,1.70737894830326,0.349017052049165,4.89196427016621,9.98345712493018e-07,2.33489840194192e-05,"ENSG00000254602.1","AP000662.4","Upregulated"
11.7062639181497,1.35465481419665,0.277004871367369,4.89036459001503,1.0064937786046e-06,2.34928428799692e-05,"ENSG00000109674.3","NEIL3","Upregulated"
272.687110717801,1.21907977720158,0.249484552779699,4.88639382125616,1.02699671953939e-06,2.3900275783702e-05,"ENSG00000148773.13","MKI67","Upregulated"
110.112497217883,1.46869363479996,0.300793189025505,4.88273567482748,1.04624077375423e-06,2.41807003191449e-05,"ENSG00000154165.4","GPR15","Upregulated"
158.326312308227,1.13276784634855,0.232013650857006,4.88233275138924,1.0483814900145e-06,2.42063981325428e-05,"ENSG00000248477.6","RP11-848G14.2","Upregulated"
45.0109080220232,1.09162665983737,0.223896184281532,4.87559295992617,1.0848209435974e-06,2.49498212717104e-05,"ENSG00000237748.1","UQCRBP1","Upregulated"
511.480362582495,1.70879660693561,0.350498703804058,4.87532931902336,1.08627083881716e-06,2.49587698200099e-05,"ENSG00000211678.2","IGLJ3","Upregulated"
1611.70954125532,1.86755390762631,0.383197779929277,4.87360315075672,1.09581009554034e-06,2.51533852954859e-05,"ENSG00000148346.11","LCN2","Upregulated"
40.8294243542279,1.947648681371,0.400007965942189,4.86902473750354,1.12150369141986e-06,2.56125382429761e-05,"ENSG00000253870.1","IGKV1-32","Upregulated"
45.9160016820978,2.1091886162048,0.433198209243548,4.86887658166425,1.12234473514571e-06,2.56125382429761e-05,"ENSG00000225523.2","IGKV6D-21","Upregulated"
6.45170131474443,1.5014951829391,0.308476386140226,4.86745582612133,1.13044088662438e-06,2.57722995935062e-05,"ENSG00000279554.1","CTA-113A6.2","Upregulated"
45.0383642636343,-1.21699985240711,0.250286765635982,-4.86242190758548,1.1595813226392e-06,2.62724545724508e-05,"ENSG00000149557.12","FEZ1","Downregulated"
140.939297444503,1.21423973879748,0.249734283120984,4.86212675177337,1.16131217083258e-06,2.62724545724508e-05,"ENSG00000235828.5","RPL36AP26","Upregulated"
10.6228720491096,1.85608102357206,0.381903490762642,4.86007870696747,1.1733909348701e-06,2.64754924985939e-05,"ENSG00000225431.1","LINC01671","Upregulated"
13.0183976230974,1.32376118116986,0.272643510533091,4.85528219095167,1.20215425644707e-06,2.69888218947391e-05,"ENSG00000060656.19","PTPRU","Upregulated"
555.054691717076,1.83830415084285,0.378704294417701,4.85419409798202,1.20877300087035e-06,2.7111545438015e-05,"ENSG00000211648.2","IGLV1-47","Upregulated"
30.7993372811848,1.18434883034799,0.244282632185415,4.84827275583408,1.24541087004862e-06,2.78271860878479e-05,"ENSG00000011426.10","ANLN","Upregulated"
26.6190044800553,-1.24020987876055,0.255818786317026,-4.848001574144,1.24711411640144e-06,2.78388054370903e-05,"ENSG00000154269.14","ENPP3","Downregulated"
15.1118513962563,1.05450579693559,0.217760557127345,4.84250137328092,1.28214749310789e-06,2.85396085315445e-05,"ENSG00000254224.1","KB-1043D8.6","Upregulated"
7.00074851663949,1.75482779611668,0.362503764793282,4.84085398979889,1.29282339047227e-06,2.87228977630138e-05,"ENSG00000227502.2","LINC01268","Upregulated"
9.90146967765074,1.36037493803026,0.281055964426729,4.84022796244519,1.29690274955297e-06,2.87553775232681e-05,"ENSG00000284486.1","RP11-262N9.3","Upregulated"
27.8069147817677,1.37143987098209,0.283351406854446,4.84006727267314,1.2979518416232e-06,2.87553775232681e-05,"ENSG00000270030.1","RP11-326C3.13","Upregulated"
99.7246095467364,1.94432306390823,0.401731711799147,4.83985457657954,1.29934172167386e-06,2.87590893956186e-05,"ENSG00000280411.1","IGHV1-69D","Upregulated"
103.024917929176,1.14001295298766,0.235804791128896,4.83456229845857,1.33438912095031e-06,2.93690432532449e-05,"ENSG00000175643.8","RMI2","Upregulated"
18.7997405989146,1.3025609863636,0.269524408334225,4.83281271041082,1.3461742085729e-06,2.95179746312238e-05,"ENSG00000234436.1","AC008984.7","Upregulated"
14.6179661299761,1.9163265915841,0.39668685517909,4.83082957391907,1.3596535031139e-06,2.97580722058268e-05,"ENSG00000152760.9","TCTEX1D1","Upregulated"
93.8250302809294,1.1067314708318,0.229158780048078,4.82953989630946,1.36848894161967e-06,2.98951573452586e-05,"ENSG00000186648.14","CARMIL3","Upregulated"
977.109777422075,1.74685641572503,0.361710011520998,4.82943894303469,1.36918288680326e-06,2.98951573452586e-05,"ENSG00000242371.1","IGKV1-39","Upregulated"
7.42695067900163,1.43667691536673,0.297617497525694,4.82725957751424,1.38424645490806e-06,3.01281689094142e-05,"ENSG00000242670.1","RPL22P13","Upregulated"
52.2623117563934,3.24763582616785,0.67304307726433,4.82530158302538,1.39791574033194e-06,3.03315964887466e-05,"ENSG00000281990.1","IGHV1-69-2","Upregulated"
54.2002240907657,1.47360439836698,0.305677519743408,4.82078106235601,1.42997229061911e-06,3.09231507846382e-05,"ENSG00000224940.8","PRRT4","Upregulated"
71.6857425543166,1.10820034043136,0.229935944262676,4.81960462504013,1.43843002733263e-06,3.10774854757412e-05,"ENSG00000171241.8","SHCBP1","Upregulated"
9.19699482914343,-1.03654799760747,0.215081853139186,-4.81931870345513,1.44049285197742e-06,3.10935007535089e-05,"ENSG00000105251.10","SHD","Downregulated"
29.3512243736844,1.15184001929353,0.239268877952192,4.81399849889246,1.47939918738168e-06,3.17662396098725e-05,"ENSG00000051341.13","POLQ","Upregulated"
205.338527038449,2.01628401449904,0.419368074223031,4.8079101353498,1.52516292494506e-06,3.26812689418101e-05,"ENSG00000197561.6","ELANE","Upregulated"
51.0699956791659,1.06205177971889,0.22103787843256,4.80484063297293,1.54874816679874e-06,3.30661949804363e-05,"ENSG00000135476.11","ESPL1","Upregulated"
44.5196945114355,1.322222725065,0.275233798788969,4.80399838567354,1.55528083093444e-06,3.31755642703766e-05,"ENSG00000143476.17","DTL","Upregulated"
5.91781109880024,2.00466987974076,0.417400637718264,4.80274752501424,1.56503170191215e-06,3.33231365453294e-05,"ENSG00000165685.8","TMEM52B","Upregulated"
6.60300328045401,1.19050661909976,0.248127188894423,4.79796923668173,1.60282388469517e-06,3.40459177143734e-05,"ENSG00000228705.1","LINC00659","Upregulated"
126.677506476156,1.07059594518711,0.223268146334626,4.79511279491946,1.62583323204752e-06,3.44928803278757e-05,"ENSG00000197121.14","PGAP1","Upregulated"
88.9628624241212,1.6938924501834,0.35367533788377,4.78939939753468,1.6728123719126e-06,3.54256791056342e-05,"ENSG00000261701.6","HPR","Upregulated"
166.904663306274,1.01442589113302,0.211857557913292,4.78824499406434,1.68246176621068e-06,3.5597986003062e-05,"ENSG00000130595.17","TNNT3","Upregulated"
11.1822275087354,1.49062074703246,0.312159229468293,4.77519357531559,1.79534473074124e-06,3.76143106187711e-05,"ENSG00000171658.8","NMRAL2P","Upregulated"
10.2643917843963,4.22100772263907,0.884032969839496,4.77471753503202,1.79959663241385e-06,3.76698483696024e-05,"ENSG00000281969.1","XXyac-YR38GF2.1","Upregulated"
5.84337052018749,-1.24671673390884,0.261270043121967,-4.77175538003354,1.82627227998248e-06,3.80926721661594e-05,"ENSG00000168079.16","SCARA5","Downregulated"
67.3528713209421,1.20747559819553,0.253058107632606,4.77153492330926,1.82827271898466e-06,3.81006204891684e-05,"ENSG00000146670.9","CDCA5","Upregulated"
26.4555809110381,-1.36482224410218,0.286397194388604,-4.7654874797771,1.88397596473621e-06,3.90883478821107e-05,"ENSG00000246363.2","RP11-13A1.1","Downregulated"
157.575167185068,1.12465460946615,0.236012294877233,4.76523737905758,1.88631441436006e-06,3.90976602318735e-05,"ENSG00000234571.1","RP5-998N21.4","Upregulated"
11.7067013195142,1.925554356233,0.404495743415598,4.76038224771773,1.93226644304883e-06,3.98792674316254e-05,"ENSG00000211682.2","IGLJ6","Upregulated"
52.4855950983855,1.72516848393418,0.362647877975858,4.75714484685065,1.96350284721619e-06,4.03469825234083e-05,"ENSG00000253120.1","IGLV2-34","Upregulated"
26.2744665601429,1.34551687795965,0.282990169477917,4.75464176173318,1.98798607508132e-06,4.0743324368043e-05,"ENSG00000165304.7","MELK","Upregulated"
50.8512400723039,1.18451951010371,0.249354605735604,4.75034141282186,2.03073499184924e-06,4.14030614282746e-05,"ENSG00000243280.2","RP11-477G18.2","Upregulated"
29.8599637791678,-1.25930555040343,0.265190792707594,-4.74867749949361,2.04751140481557e-06,4.1672879180364e-05,"ENSG00000148848.14","ADAM12","Downregulated"
22.2516685041289,1.34100765101414,0.282473380637545,4.74737707315103,2.06071555692732e-06,4.19053721896162e-05,"ENSG00000090889.11","KIF4A","Upregulated"
222.604663060409,1.11692079688445,0.235466898211004,4.74343020344019,2.10129364076471e-06,4.26568048144194e-05,"ENSG00000237803.5","LINC00211","Upregulated"
9.54697556215181,1.07209080144162,0.226076758278165,4.74215399055978,2.11457789220611e-06,4.28894729722633e-05,"ENSG00000251435.1","C1GALT1P2","Upregulated"
6.71523241428311,1.90493071742731,0.401769167668497,4.74135615851707,2.1229235552267e-06,4.29846346018708e-05,"ENSG00000235321.1","AC007556.3","Upregulated"
22.8951186091255,1.2552683047831,0.264787094809742,4.74067025692868,2.13012365864611e-06,4.30933357185088e-05,"ENSG00000158163.14","DZIP1L","Upregulated"
33.2252526289582,1.78070637320725,0.375789767382742,4.73857067905099,2.15230959013647e-06,4.35047594817274e-05,"ENSG00000178445.9","GLDC","Upregulated"
115.127990563417,1.93227826577917,0.408145006088397,4.73429354017545,2.19819399415651e-06,4.42421798926557e-05,"ENSG00000211950.2","IGHV1-24","Upregulated"
22.8732161758304,1.28084821711208,0.270615658815317,4.73308980980365,2.21127586594621e-06,4.43915516842853e-05,"ENSG00000154839.9","SKA1","Upregulated"
51.5910597040168,1.61274708529181,0.340729196334963,4.73322246123681,2.20983058269336e-06,4.43915516842853e-05,"ENSG00000236525.1","AC007278.2","Upregulated"
12.2860773907421,1.02733811094483,0.217217158475868,4.72954401094869,2.25024672007124e-06,4.50585573019882e-05,"ENSG00000225787.1","LSM3P3","Upregulated"
27.8378394778788,2.33291863311711,0.494111637080977,4.72144037509236,2.34180284463183e-06,4.64961496443018e-05,"ENSG00000115884.10","SDC1","Upregulated"
368.227967471935,1.73751657925577,0.368893774672396,4.71007292220859,2.47628176073648e-06,4.87547759553204e-05,"ENSG00000241755.1","IGKV1-9","Upregulated"
623.519330031663,1.67905452328258,0.356847045400616,4.70524989606563,2.53555176253792e-06,4.9809383882716e-05,"ENSG00000251546.1","IGKV1D-39","Upregulated"
23.371340619237,-1.2182387418501,0.259430466883733,-4.69581987221289,2.65539468347518e-06,5.17614963652064e-05,"ENSG00000271447.5","MMP28","Downregulated"
33.7038286655839,1.09178027243155,0.232796346767138,4.68985139841407,2.73403531514374e-06,5.29871358275964e-05,"ENSG00000232334.1","RP11-47G11.2","Upregulated"
7.06981155698785,1.60571328198063,0.342795437916976,4.68417342931363,2.81091935446329e-06,5.40992547816597e-05,"ENSG00000198929.12","NOS1AP","Upregulated"
52.0569234066331,1.17187512279823,0.250718399633971,4.67406909309039,2.95289916394318e-06,5.64843996172807e-05,"ENSG00000231409.3","RP11-83J16.1","Upregulated"
194.232474091493,1.64036303710593,0.35139842469619,4.66810014451302,3.03997724045919e-06,5.77743008994539e-05,"ENSG00000244575.3","IGKV1-27","Upregulated"
128.833521349848,1.1831770844549,0.253489521123748,4.66755816654568,3.04800475547969e-06,5.7880109674678e-05,"ENSG00000131747.14","TOP2A","Upregulated"
61.3123161210565,1.34471542941874,0.288405849462678,4.66258029067043,3.12269193545998e-06,5.89179597894967e-05,"ENSG00000175147.11","TMEM51-AS1","Upregulated"
390.180206984954,1.0639664638539,0.228313988166308,4.66010196045844,3.16052785854258e-06,5.95363486435466e-05,"ENSG00000198216.10","CACNA1E","Upregulated"
237.281154321083,1.86462884718969,0.40053928883036,4.65529574548033,3.23515988230984e-06,6.07476789393344e-05,"ENSG00000231475.3","IGHV4-31","Upregulated"
73.8258034893071,-1.33128715851737,0.286589254593882,-4.64527939264121,3.39616517313586e-06,6.30662779743808e-05,"ENSG00000131016.16","AKAP12","Downregulated"
20.8896783044413,1.21898773347439,0.26274342822984,4.63946041081589,3.4932004266291e-06,6.45624663297167e-05,"ENSG00000243494.1","CTC-550B14.1","Upregulated"
6.21464161665472,1.29387904053785,0.279250451926666,4.63339998775592,3.59708575564781e-06,6.60673174542403e-05,"ENSG00000280620.1","SCAANT1","Upregulated"
12.1123677915369,-1.64898940647408,0.35602527110898,-4.63166393030936,3.62738619783371e-06,6.64681794880309e-05,"ENSG00000196581.10","AJAP1","Downregulated"
552.798627988971,-1.01946971973525,0.220162321574059,-4.6305367441918,3.64719050577053e-06,6.66752899920505e-05,"ENSG00000103056.11","SMPD3","Downregulated"
847.150669441189,1.51024001908515,0.326216810602214,4.62955914594703,3.6644505033656e-06,6.69388132322872e-05,"ENSG00000170476.15","MZB1","Upregulated"
7.24185515477416,1.58942262479351,0.343480287068497,4.6274056609151,3.70274805419293e-06,6.74812209287772e-05,"ENSG00000114698.14","PLSCR4","Upregulated"
6.60823496364617,1.95420937385391,0.422497709352005,4.62537270758491,3.7392539528678e-06,6.8093782510119e-05,"ENSG00000246375.2","RP11-10L7.1","Upregulated"
14.7216494826033,1.41456146350199,0.305862265142707,4.62483158176439,3.74902898187025e-06,6.81177852136693e-05,"ENSG00000165480.15","SKA3","Upregulated"
617.561560972957,1.04112293624031,0.225295097607375,4.62115220125514,3.81614670104914e-06,6.9226136917721e-05,"ENSG00000128512.20","DOCK4","Upregulated"
59.4006600532786,1.12544956259973,0.243992302738278,4.61264371854782,3.97579459552363e-06,7.16251877821439e-05,"ENSG00000250687.6","RP11-497H16.7","Upregulated"
52.8259321537815,1.51044683272816,0.327602785333562,4.61060436708508,4.0150000706307e-06,7.21106272227474e-05,"ENSG00000229390.1","MICD","Upregulated"
27.2473419480636,1.07334060908897,0.232811745995551,4.61033701069999,4.02016724783477e-06,7.21155194698918e-05,"ENSG00000152936.10","LMNTD1","Upregulated"
43.6958886133149,1.65026332184335,0.358267845619205,4.6062278321158,4.10039128261876e-06,7.33642631919804e-05,"ENSG00000231292.6","IGKV1OR2-108","Upregulated"
217.161030293517,-1.07646501535377,0.233715179957591,-4.60588403179076,4.10717245117247e-06,7.34297518474056e-05,"ENSG00000158715.5","SLC45A3","Downregulated"
8.43646719446607,1.99691971051775,0.434186667808171,4.59921931872863,4.24077141421494e-06,7.5474182930143e-05,"ENSG00000178965.13","ERICH3","Upregulated"
6.77550407849109,1.21935244970918,0.26522580887336,4.59741250253437,4.27770176125956e-06,7.60164403617182e-05,"ENSG00000262703.1","RP11-485G7.6","Upregulated"
7.98545188272952,1.19087322517008,0.259066773147322,4.59678101789177,4.29068148687534e-06,7.61895502061909e-05,"ENSG00000278404.1","MIAT_exon1","Upregulated"
56.9335779197236,-1.16077609164961,0.252648535240009,-4.5944303241137,4.339330844536e-06,7.6763741436273e-05,"ENSG00000142156.14","COL6A1","Downregulated"
727.616475577818,1.59777171096981,0.348074112616653,4.59032043192907,4.42566060036895e-06,7.81147356380201e-05,"ENSG00000101425.12","BPI","Upregulated"
27.1611204447033,1.08099316743245,0.235527250973987,4.58967343677715,4.4393999939289e-06,7.82582176603344e-05,"ENSG00000241846.1","RP11-318G8.1","Upregulated"
11.2610576475576,1.01031605410409,0.220130441263022,4.58962444406734,4.44044205102629e-06,7.82582176603344e-05,"ENSG00000256987.1","RP11-428G5.7","Upregulated"
27.268211220826,1.46023868495189,0.318173222265221,4.58944556853585,4.44424865853655e-06,7.82666784715927e-05,"ENSG00000065328.16","MCM10","Upregulated"
131.135527585973,1.10277518191782,0.240733677762229,4.58089284461074,4.62995037803653e-06,8.09914293638985e-05,"ENSG00000267365.1","KCNJ2-AS1","Upregulated"
10.9628093244562,1.42472815125543,0.311037022977661,4.58057416321708,4.63701144474325e-06,8.10546844516487e-05,"ENSG00000279368.1","RP1-80N2.4","Upregulated"
9.85930293050196,1.35841195717548,0.296611815816154,4.57976346437072,4.65502073843703e-06,8.13090779019647e-05,"ENSG00000170091.10","HMP19","Upregulated"
69.429634268947,1.67247941443393,0.365387802704932,4.5772721531828,4.71078431233125e-06,8.21611069685171e-05,"ENSG00000242766.1","IGKV1D-17","Upregulated"
424.322096554616,1.06752363474651,0.233528394594649,4.57127980774877,4.84754485542459e-06,8.41719818143394e-05,"ENSG00000137757.10","CASP5","Upregulated"
34.8342720067203,1.1374620848711,0.248993048499601,4.56824835763606,4.91817069116134e-06,8.5335339249e-05,"ENSG00000183010.16","PYCR1","Upregulated"
1315.00000492158,1.11079884708639,0.243210345429609,4.56723518534651,4.94199422475926e-06,8.564053884198e-05,"ENSG00000183019.7","MCEMP1","Upregulated"
8.38127566538726,-1.2934326883816,0.283568284710039,-4.56127415555019,5.08441437179419e-06,8.77024203369309e-05,"ENSG00000182379.9","NXPH4","Downregulated"
267.336412434079,1.68842005271668,0.370301472203496,4.55958233887016,5.12554576181987e-06,8.82178790666407e-05,"ENSG00000222037.5","IGLC6","Upregulated"
38.1499413394818,1.11507581625519,0.244968709117206,4.55191122275815,5.31607685457654e-06,9.07009834912812e-05,"ENSG00000198829.6","SUCNR1","Upregulated"
17.8184606154326,1.09172260769149,0.24012825231849,4.54641466445814,5.45674793282664e-06,9.2630855240653e-05,"ENSG00000235328.1","AC006946.12","Upregulated"
16.7077007064108,1.7794119235807,0.391453624008825,4.54565193536333,5.47654745761177e-06,9.28330033016497e-05,"ENSG00000170439.6","METTL7B","Upregulated"
18.4953725509042,1.86297678660638,0.409915171502151,4.54478613167555,5.49910602006182e-06,9.30812708201543e-05,"ENSG00000180535.3","BHLHA15","Upregulated"
18.0501708673217,1.04704090871946,0.230523892155256,4.54200603213089,5.57214463601364e-06,9.41820538765294e-05,"ENSG00000264553.1","MIR4257","Upregulated"
7.03908136942621,1.47998749024931,0.326285316613062,4.53586911483489,5.73667503744683e-06,9.64778343681551e-05,"ENSG00000189325.6","C6orf222","Upregulated"
22.8281698881536,1.01466098166923,0.223993739279617,4.52986313337356,5.90219086371332e-06,9.91905333153193e-05,"ENSG00000111247.14","RAD51AP1","Upregulated"
58.4764943987542,1.04017232429764,0.229663371733153,4.52911718768208,5.92306428455532e-06,9.9470275865109e-05,"ENSG00000142945.12","KIF2C","Upregulated"
12.4654069781409,1.22722025232297,0.271030297154857,4.52798179836616,5.9549709711674e-06,9.97924195225261e-05,"ENSG00000253214.1","RP11-1149M10.2","Upregulated"
36.6390638001005,1.02584993696882,0.226595377952365,4.52723240093834,5.97612056734894e-06,0.000100075562070168,"ENSG00000205846.3","CLEC6A","Upregulated"
6.28224874574974,1.38969144440262,0.307254148746639,4.52293793288552,6.09871283880491e-06,0.000101838549092549,"ENSG00000221025.1","MIR1250","Upregulated"
86.7251217399324,2.16361000654615,0.478402303821055,4.52257438826098,6.10920055244411e-06,0.000101941326665181,"ENSG00000196415.9","PRTN3","Upregulated"
4540.84308076471,1.37240647556722,0.30352696318708,4.52153067772544,6.13940601292685e-06,0.000102155547858658,"ENSG00000115607.9","IL18RAP","Upregulated"
234.053400826675,1.54921718884494,0.342628311572122,4.52156793972012,6.13832517807908e-06,0.000102155547858658,"ENSG00000211664.2","IGLV2-18","Upregulated"
7.66886452550525,1.25079523271707,0.276748970920053,4.5196021093007,6.19559607653159e-06,0.000102727261796078,"ENSG00000163009.8","C2orf48","Upregulated"
185.812026069535,1.59318552683345,0.352859736391712,4.51506749714524,6.32966024136492e-06,0.000104288687786298,"ENSG00000239855.1","IGKV1-6","Upregulated"
1122.6388315966,1.26208898923142,0.279680185316267,4.51261496342414,6.40332057180238e-06,0.00010528115053345,"ENSG00000198363.17","ASPH","Upregulated"
21.8284919090828,1.81345652013534,0.401924052276198,4.51193828750797,6.42378803728522e-06,0.000105543914065116,"ENSG00000170801.9","HTRA3","Upregulated"
379.643087075737,1.67541770558853,0.371535100602409,4.50944662529058,6.49969443989562e-06,0.000106345487330921,"ENSG00000211973.2","IGHV1-69","Upregulated"
16.8007585284492,1.36895374580983,0.303974585188201,4.5035138215988,6.68390186253252e-06,0.000108754386598662,"ENSG00000173212.4","MAB21L3","Upregulated"
7.61575607238586,1.08158760969085,0.24035889956434,4.49988584425735,6.7989964586025e-06,0.000110398059819185,"ENSG00000235419.5","AC010149.4","Upregulated"
902.388764500883,1.64679592821429,0.366231362987299,4.49659994922771,6.9048728562387e-06,0.0001118855706347,"ENSG00000211668.2","IGLV2-11","Upregulated"
9764.26725021356,2.00707350447929,0.446502735244124,4.49509789314489,6.95379485373045e-06,0.000112386614654747,"ENSG00000211896.7","IGHG1","Upregulated"
1311.92797713925,1.9904696086294,0.443511188772513,4.48798059444303,7.19014763930237e-06,0.000115949138901649,"ENSG00000089169.14","RPH3A","Upregulated"
16.9851431196232,1.26043846780492,0.281062489007287,4.48454887116664,7.30683585003558e-06,0.000117428438442375,"ENSG00000088340.15","FER1L4","Upregulated"
761.995126536946,1.22797420508634,0.273833183958057,4.4843878573695,7.31235501044928e-06,0.000117436920604676,"ENSG00000124107.5","SLPI","Upregulated"
14958.7247017167,1.78300318566062,0.397615463772812,4.48424004625582,7.31742512460994e-06,0.00011743818440097,"ENSG00000211895.4","IGHA1","Upregulated"
85.8182731085951,-1.13296662306062,0.252664679812609,-4.48407202740364,7.32319247318532e-06,0.000117450628840562,"ENSG00000003249.13","DBNDD1","Downregulated"
16.0295526902565,1.02968824915783,0.229719129233283,4.48237921062362,7.38154247474879e-06,0.000118144851255707,"ENSG00000248485.1","PCP4L1","Upregulated"
19.1690850445803,1.03006316160614,0.229828130445021,4.48188461356583,7.39867458146175e-06,0.000118338555780171,"ENSG00000205537.2","RP11-89H19.1","Upregulated"
216.176700097597,1.30160246913115,0.290488383285067,4.48073845298603,7.43852215251526e-06,0.000118895074187757,"ENSG00000152766.5","ANKRD22","Upregulated"
17.4841712407998,1.27899021071404,0.28547980211837,4.48014255727881,7.45932014178706e-06,0.00011908071724282,"ENSG00000118193.11","KIF14","Upregulated"
5.9971566489442,1.25536403852627,0.280335431529794,4.47807839228789,7.53179451661576e-06,0.000119822427107892,"ENSG00000265293.2","ARGFXP2","Upregulated"
6.4913493563888,-1.03514485507799,0.23129199379723,-4.47548935042467,7.62364990531837e-06,0.000120868756719899,"ENSG00000153721.18","CNKSR3","Downregulated"
120.14497337314,1.02836151074666,0.229807328120534,4.4748856320512,7.64522242989223e-06,0.000121129153757915,"ENSG00000142583.17","SLC2A5","Upregulated"
9.35397002878515,1.62574811470052,0.363368923210134,4.47409784066857,7.67346017553104e-06,0.000121409955355907,"ENSG00000024526.16","DEPDC1","Upregulated"
12.3750951267378,1.23230740592141,0.275468005140425,4.47350466451889,7.69478787739033e-06,0.000121505348442443,"ENSG00000105707.13","HPN","Upregulated"
11.2777489707072,-1.60273419964263,0.358378703007516,-4.47218036728322,7.74260780454546e-06,0.000122113503472397,"ENSG00000157368.10","IL34","Downregulated"
10.807663184877,1.29021342335981,0.288937262188377,4.46537567909341,7.99283745755659e-06,0.000125370319800928,"ENSG00000214925.3","RP3-507I15.1","Upregulated"
1258.3125463315,1.56584693863699,0.351648768341927,4.45287195521878,8.47292867271388e-06,0.000131140530564653,"ENSG00000211666.2","IGLV2-14","Upregulated"
411.594265734739,1.53470962776882,0.344737969729007,4.45181489284522,8.51475528581787e-06,0.000131626256481421,"ENSG00000005381.7","MPO","Upregulated"
53.9026069367807,1.19139375948353,0.267921411838989,4.44680308044774,8.71576661161186e-06,0.00013407329901726,"ENSG00000157456.7","CCNB2","Upregulated"
138.255596579858,1.5432326586319,0.347048702134282,4.44673225729218,8.71863938696054e-06,0.00013407329901726,"ENSG00000228325.5","IGKV3D-7","Upregulated"
48.7560180207301,1.04673378890315,0.236157538879674,4.43235390184378,9.32098595106773e-06,0.000141213237254811,"ENSG00000131153.8","GINS2","Upregulated"
825.940530237332,1.10931093347989,0.250598042483732,4.42665442429346,9.57058737854069e-06,0.000144251620654904,"ENSG00000120217.13","CD274","Upregulated"
13.6841073201105,1.34031692319018,0.302841683188882,4.42580066613296,9.60852211870405e-06,0.000144490208708715,"ENSG00000251139.2","RP11-701P16.2","Upregulated"
144.072831478022,1.50451142170952,0.340068070788492,4.4241478425808,9.68237003649944e-06,0.000145470499501123,"ENSG00000168916.15","ZNF608","Upregulated"
30.0847454858318,1.60480086927038,0.362748421769355,4.42400510371,9.68877295885738e-06,0.00014547380355839,"ENSG00000105974.11","CAV1","Upregulated"
14.9125289877962,1.13798406463742,0.257345910039324,4.42200175034267,9.77906642602585e-06,0.000146455681013072,"ENSG00000275898.1","RP11-497G19.7","Upregulated"
42.7175050293313,1.35982557246135,0.307511657889404,4.42202933636553,9.77781765183807e-06,0.000146455681013072,"ENSG00000177335.10","C8orf31","Upregulated"
7.97846778271589,1.68662516886045,0.381759584831947,4.41802966021905,9.96047547296648e-06,0.000148699281045657,"ENSG00000268833.1","AC011513.4","Upregulated"
77.1665124126557,1.3395852403374,0.30365922645162,4.41147550822343,1.02668569097609e-05,0.000152114993307843,"ENSG00000183160.8","TMEM119","Upregulated"
5.80676247051852,1.45172116085504,0.329147657948941,4.41054683451595,1.03109901065045e-05,0.000152385034689597,"ENSG00000147697.8","GSDMC","Upregulated"
6.80411264097743,1.29351535046954,0.293436234295792,4.4081650433315,1.04250092625378e-05,0.000153876799202628,"ENSG00000271947.1","RP11-439M11.1","Upregulated"
44.5137061351252,1.66875149131536,0.378872013943965,4.40452561788364,1.06015612902993e-05,0.00015579858465844,"ENSG00000224607.4","IGKV1D-27","Upregulated"
8.19059026971328,2.08621524668997,0.474179613195746,4.39963083319813,1.08435186445609e-05,0.000158858223330778,"ENSG00000271375.1","RP11-295P22.2","Upregulated"
18.7346071986103,1.20092008195676,0.273394938323968,4.39262002917439,1.11992762885604e-05,0.000163155772456501,"ENSG00000171320.14","ESCO2","Upregulated"
103.7718872756,-1.20761384877616,0.275430124612306,-4.38446539018194,1.16270965708587e-05,0.000168346048073332,"ENSG00000183691.4","NOG","Downregulated"
51.7615618001688,1.11037626739793,0.253462201227394,4.38083573022297,1.1822497833681e-05,0.000170771137043702,"ENSG00000283525.1","LLNLR-271C9.1","Upregulated"
342.378234230387,1.51477987569093,0.345786367506087,4.38068130509587,1.18308803715247e-05,0.000170771137043702,"ENSG00000239819.2","IGKV1D-8","Upregulated"
823.927150663834,1.50852352673834,0.34435199602333,4.38076022256055,1.1826595848294e-05,0.000170771137043702,"ENSG00000278196.3","IGLV2-8","Upregulated"
17.6436042511036,1.44662552846373,0.330282854650818,4.37995950468919,1.18701365777463e-05,0.00017123272434164,"ENSG00000171246.5","NPTX1","Upregulated"
3904.57048249643,1.66575281722919,0.380397442338849,4.37898006618398,1.19236036667507e-05,0.000171830778730561,"ENSG00000211675.2","IGLC1","Upregulated"
21.2354818563879,1.05882786410236,0.241842963401547,4.37816279295387,1.19683940752313e-05,0.000172278895332964,"ENSG00000254288.1","RP11-6I2.3","Upregulated"
194.495286428448,1.67558461044304,0.38309457963606,4.37381445604071,1.22094162007037e-05,0.000175267324203879,"ENSG00000211685.3","IGLC7","Upregulated"
28.8052635140276,1.05298711758415,0.240902855866633,4.37100304932499,1.23677065484441e-05,0.000176923081148136,"ENSG00000163808.16","KIF15","Upregulated"
76.0369669116884,1.68663616965997,0.386133048384929,4.36801816553809,1.25379067263372e-05,0.000178891370198461,"ENSG00000278857.1","IGKV1D-12","Upregulated"
245.834541494356,1.57198417261328,0.359934789424166,4.36741381717556,1.25726381028856e-05,0.000179278199566481,"ENSG00000234389.1","AC007278.3","Upregulated"
748.00889896911,1.68511679241304,0.386191191824986,4.36342627197126,1.28041105598674e-05,0.000182247497430466,"ENSG00000211663.2","IGLV3-19","Upregulated"
98.1331750509347,1.17823794045179,0.270036011423582,4.36326227098501,1.28137171542005e-05,0.000182273964452254,"ENSG00000169679.14","BUB1","Upregulated"
48.1168481697168,1.08231426275809,0.248370083154197,4.3576675943139,1.31455830752372e-05,0.000186206669833944,"ENSG00000169715.14","MT1E","Upregulated"
49.3635635562434,-1.49357293966707,0.34280084028011,-4.35696989087494,1.31875400682924e-05,0.000186509407864224,"ENSG00000130433.7","CACNG6","Downregulated"
32.053666009943,1.17652717841299,0.270287806793957,4.35286812368071,1.34367984218837e-05,0.000188853639946284,"ENSG00000127412.6","TRPV5","Upregulated"
99.7738768169826,1.75224639749238,0.402808190562098,4.35007638510829,1.36090117839647e-05,0.000190931919650042,"ENSG00000253451.1","IGLV2-28","Upregulated"
14.0583547726172,1.07593282109756,0.247511972746874,4.34699303293056,1.38016601552199e-05,0.000193288964364294,"ENSG00000224908.1","TIMM8BP2","Upregulated"
340.259245459398,-1.72973800413866,0.398212967086045,-4.34375107570242,1.40070223289371e-05,0.00019488895408352,"ENSG00000161905.12","ALOX15","Downregulated"
1271.92646577249,1.50756232262961,0.347061496627801,4.34379018496069,1.40045276712845e-05,0.00019488895408352,"ENSG00000243466.1","IGKV1-5","Upregulated"
48.4481885039825,1.69306573346573,0.389729580319994,4.34420639068662,1.39780054435319e-05,0.00019488895408352,"ENSG00000211656.3","IGLV2-33","Upregulated"
17.548799247053,1.30572607962635,0.300870943809759,4.33982113092303,1.42598739362002e-05,0.000197822119086627,"ENSG00000117650.12","NEK2","Upregulated"
31.5985205505282,1.45795189163442,0.336389876969264,4.33411345421562,1.46348689729553e-05,0.000202427511578891,"ENSG00000211665.2","IGLV3-16","Upregulated"
43.4182841970158,1.56818723081172,0.362029997083919,4.3316499832698,1.47996080736261e-05,0.000204106200912237,"ENSG00000133101.9","CCNA1","Upregulated"
8.40010825461163,1.30377365287401,0.300979127025612,4.33177431856616,1.47912512301777e-05,0.000204106200912237,"ENSG00000258919.1","RP11-1029J19.4","Upregulated"
11.6597716624247,1.79529047256521,0.414451927982588,4.33172185084066,1.47947771502719e-05,0.000204106200912237,"ENSG00000124490.13","CRISP2","Upregulated"
163.505512476962,-1.42488006123166,0.329009850776903,-4.33081276401615,1.4855996719671e-05,0.000204763849338265,"ENSG00000105366.15","SIGLEC8","Downregulated"
7.83699929796913,1.3874753464975,0.320682749273701,4.32662919860807,1.51408525874135e-05,0.000207661170434827,"ENSG00000234553.1","AC022431.3","Upregulated"
5572.57125122457,1.67262149977563,0.38717458972005,4.32007043898474,1.55979404309625e-05,0.000212623605133074,"ENSG00000115590.13","IL1R2","Upregulated"
4229.55721446075,1.62980167612817,0.377295069221638,4.31970043894415,1.56241143128635e-05,0.000212857070962971,"ENSG00000254709.7","IGLL5","Upregulated"
12.0553106441204,1.41869707940103,0.328505604047128,4.31863889663659,1.56994406308699e-05,0.0002137513441171,"ENSG00000164106.7","SCRG1","Upregulated"
11.9351130623492,1.15919302850267,0.268727937780219,4.31363049959742,1.60595270932945e-05,0.000217529391739224,"ENSG00000259803.6","SLC22A31","Upregulated"
416.16761565216,1.4282115861719,0.331107549327307,4.31343709641632,1.60735887832017e-05,0.000217594589695725,"ENSG00000211594.2","IGKJ4","Upregulated"
66.7008826967363,1.29391914135047,0.300197304029211,4.31022905263854,1.63085536157046e-05,0.000219638036331023,"ENSG00000183347.14","GBP6","Upregulated"
313.708387194883,-1.22289611038126,0.283835866625854,-4.30846222825411,1.64393543912688e-05,0.000220767768332062,"ENSG00000140287.10","HDC","Downregulated"
181.594174027754,2.25634257433524,0.524103064535574,4.305150507629,1.66872244271175e-05,0.000223331636132662,"ENSG00000124615.17","MOCS1","Upregulated"
103.502378214586,1.70182947082456,0.395345337867162,4.30466558681509,1.67238165522856e-05,0.000223694119296291,"ENSG00000211952.3","IGHV4-28","Upregulated"
13.0368930252472,1.86909476844954,0.434471427633334,4.30199697740984,1.69265621249886e-05,0.000226020518545251,"ENSG00000248590.2","GLDCP1","Upregulated"
18.1611884938003,1.00127353982938,0.232760891661603,4.30172582980595,1.69472929463687e-05,0.000226168978129417,"ENSG00000213005.3","PTTG3P","Upregulated"
560.937909969422,1.49827735637262,0.348430322280716,4.3000774059082,1.7073846230905e-05,0.000227382257605456,"ENSG00000270550.1","IGHV3-30","Upregulated"
13.737262040826,1.03276772459384,0.240176678592804,4.30003333647892,1.70772418705748e-05,0.000227382257605456,"ENSG00000260188.1","CTA-331P3.1","Upregulated"
53.1673114269901,1.46765434720068,0.341392936838295,4.29901790234122,1.7155661629562e-05,0.000228044297638607,"ENSG00000233999.3","IGKV3OR2-268","Upregulated"
20.4156329081576,-1.06889481846635,0.248813702902201,-4.29596443442864,1.73935469678295e-05,0.000230461642812582,"ENSG00000211713.3","TRBV6-4","Downregulated"
33.2612719896759,1.05988752998632,0.246885606205519,4.29303087480939,1.76250486129403e-05,0.000232967496497337,"ENSG00000177675.8","CD163L1","Upregulated"
7.7324483233794,1.92625525072327,0.448789762596364,4.2921104964146,1.76982832051185e-05,0.000233672955808096,"ENSG00000147206.16","NXF3","Upregulated"
147.200066761673,1.10911393942645,0.258443590906163,4.29151264899871,1.77460092117618e-05,0.000234171679604224,"ENSG00000236911.6","RP11-78B10.2","Upregulated"
327.143518264566,1.43208951164366,0.333871801874478,4.28933951176286,1.79205252259644e-05,0.000236128029969141,"ENSG00000211596.3","IGKJ2","Upregulated"
92.497475459235,-1.71341072500655,0.399524290388201,-4.28862716542641,1.79780858932886e-05,0.000236438459976128,"ENSG00000144290.16","SLC4A10","Downregulated"
7.6212118637384,1.04014046874049,0.242720081422057,4.28534986741302,1.8245182661131e-05,0.000239222653224266,"ENSG00000259376.1","RP11-505E24.3","Upregulated"
9.54102817954554,1.75350156943306,0.409306450679524,4.28407997607153,1.83496903587726e-05,0.000240385030490647,"ENSG00000272763.1","RP11-357H14.17","Upregulated"
329.08491124236,1.42258431191594,0.33221814816308,4.28207886830317,1.85155328255295e-05,0.000242422624551507,"ENSG00000240040.6","AC096579.15","Upregulated"
147.010899371121,1.42294406856688,0.332520610026937,4.2792657828085,1.87510842046238e-05,0.000245233746062473,"ENSG00000211595.2","IGKJ3","Upregulated"
615.937721747848,1.43176383734152,0.334572638867171,4.27938112987757,1.87413698476732e-05,0.000245233746062473,"ENSG00000211625.2","IGKV3D-20","Upregulated"
53.9092204065895,1.48978257229634,0.34845627799533,4.27537876736522,1.90812611787296e-05,0.000248829114419836,"ENSG00000206249.3","CTD-2308N23.2","Upregulated"
50.911439084148,-1.09741339864789,0.256831443618416,-4.27289347124628,1.92952653873617e-05,0.000250355799316496,"ENSG00000092068.19","SLC7A8","Downregulated"
10.7195962304152,1.08061409560592,0.252988083311703,4.27140314856061,1.94246886158303e-05,0.000251518260982958,"ENSG00000258730.1","ITPK1-AS1","Upregulated"
13.6028949576052,1.16599288796406,0.273041398030453,4.27038865305698,1.95132623619983e-05,0.000252031614708946,"ENSG00000232228.1","RP11-77O7.1","Upregulated"
119.745219881735,1.5133665985865,0.354547194096613,4.26844895061873,1.96836861204716e-05,0.000253208183183409,"ENSG00000284049.1","MIR650","Upregulated"
13.6917513157561,1.03939373744501,0.243504574175661,4.26847725946701,1.96811887216894e-05,0.000253208183183409,"ENSG00000229331.1","GK-IT1","Upregulated"
28.0949715742499,1.27969443168542,0.299930283943197,4.26663961658429,1.98439326257522e-05,0.000254990741026051,"ENSG00000078053.16","AMPH","Upregulated"
8.94962839638255,1.05516250086606,0.247406864991883,4.26488772209564,2.00002751596771e-05,0.000256439495344351,"ENSG00000248791.1","CTD-2165H16.3","Upregulated"
241.796650803924,1.26619207216201,0.296933820710288,4.26422314956639,2.00598892362786e-05,0.000256827475175779,"ENSG00000101057.15","MYBL2","Upregulated"
6.6562768352929,1.85167718738851,0.434239373004331,4.26418538369168,2.00632820202772e-05,0.000256827475175779,"ENSG00000129596.4","CDO1","Upregulated"
1882.09379932424,1.40109802019132,0.328954846140704,4.25924115917121,2.0512207459269e-05,0.000260729993031702,"ENSG00000239951.1","IGKV3-20","Upregulated"
212.993450327441,1.09054317939559,0.256034947204145,4.25935283954053,2.05019623605567e-05,0.000260729993031702,"ENSG00000164105.3","SAP30","Upregulated"
1331.17602594589,1.40257096976803,0.329777483022469,4.25308288762842,2.10847487231689e-05,0.000266424257765155,"ENSG00000211598.2","IGKV4-1","Upregulated"
9.37484986410777,1.3543612285359,0.318531182106893,4.25189527624143,2.11968981965615e-05,0.000267553981099087,"ENSG00000176912.3","TYMSOS","Upregulated"
22.6468208312426,1.56845706371066,0.368962900237506,4.2509885484449,2.1282905105992e-05,0.00026821700046957,"ENSG00000111291.8","GPRC5D","Upregulated"
14.4695206153162,1.20452406963047,0.283874225772721,4.24316109133084,2.20393110025439e-05,0.000276260473770833,"ENSG00000243797.6","CTB-111H14.1","Upregulated"
7.10875543178851,2.22019123825049,0.523579304766081,4.24041060836506,2.2311127577999e-05,0.000279072945058565,"ENSG00000104332.11","SFRP1","Upregulated"
6.01844275549613,1.02454928649905,0.241635937377486,4.24005343583676,2.2346658350554e-05,0.000279220487345637,"ENSG00000228551.1","SNRPGP9","Upregulated"
6.18395152199508,1.14953561726068,0.271222581640936,4.23834774488845,2.25170808622991e-05,0.000280487230582348,"ENSG00000276961.1","MIR7848","Upregulated"
6.46502358758575,-1.09590422525523,0.258725539786504,-4.23577906595367,2.27760638691116e-05,0.00028308253075143,"ENSG00000237990.3","CNTN4-AS1","Downregulated"
7.23318070228815,1.60591639386448,0.379873076961847,4.22750779473054,2.36293991664294e-05,0.00029199186112802,"ENSG00000259379.1","MTND5P32","Upregulated"
8.60955243324043,1.52906823891197,0.361752304744987,4.22683758708841,2.36998600237749e-05,0.000292248588385417,"ENSG00000204625.10","HCG9","Upregulated"
9.70292590522139,1.5392780088925,0.364274599886037,4.22559796750601,2.38307119668449e-05,0.000293400832629998,"ENSG00000237217.1","AC008074.5","Upregulated"
56.4775032937425,1.45962792942245,0.345459608724765,4.2251768153462,2.38753242371532e-05,0.000293642775040115,"ENSG00000253234.1","IGLV2-5","Upregulated"
402.994046397343,1.47100468089513,0.348856317667898,4.21664910851778,2.47959351927978e-05,0.000302592719510449,"ENSG00000243290.3","IGKV1-12","Upregulated"
20.5572341295604,1.09565537436516,0.259858306824889,4.21635693602628,2.48280674193761e-05,0.000302827770991747,"ENSG00000174371.16","EXO1","Upregulated"
933.844828044123,1.05388491831421,0.250145762215244,4.21308323987265,2.51908173316885e-05,0.000306299509136934,"ENSG00000185909.14","KLHDC8B","Upregulated"
6.75123238014692,2.07123765772493,0.491758923106331,4.21189644031549,2.53235643365856e-05,0.000307595674605672,"ENSG00000162399.6","BSND","Upregulated"
22.4428201294882,-1.15359956235451,0.2739554621846,-4.21090184935672,2.54353244571246e-05,0.000308634509451897,"ENSG00000268845.1","RP11-1137G4.3","Downregulated"
7.13751093050061,2.92761506997966,0.695410809586382,4.20990733767995,2.55475446596124e-05,0.000309836407603794,"ENSG00000253338.1","IGLV3-29","Upregulated"
882.872027258408,1.14175033386636,0.271265079883654,4.20898382628554,2.56521747942823e-05,0.000310784947765125,"ENSG00000049089.13","COL9A2","Upregulated"
6.01461635078359,1.25234586524961,0.297895767217678,4.20397334593379,2.62269835631924e-05,0.000316607731798251,"ENSG00000226012.1","AP001434.2","Upregulated"
114.888735080906,1.28864447955331,0.30658107066846,4.20327477082519,2.63080913810754e-05,0.000317187823150008,"ENSG00000117834.12","SLC5A9","Upregulated"
16.7316366865906,1.50727914980081,0.358601808897226,4.20321122873306,2.63154807373689e-05,0.000317187823150008,"ENSG00000253691.2","IGKV2OR22-4","Upregulated"
135.317383912127,1.39616994032667,0.332961407718883,4.19318848358981,2.75060713762834e-05,0.000328675900122497,"ENSG00000128322.6","IGLL1","Upregulated"
8.82764689749463,1.57731446189527,0.376234777742907,4.1923675194458,2.76058296644651e-05,0.000329700487485044,"ENSG00000054598.6","FOXC1","Upregulated"
390.279886939972,1.24286004756861,0.296897261505462,4.18616204563998,2.83710836796977e-05,0.000337469593941318,"ENSG00000257743.8","MGAM2","Upregulated"
9.12665486881165,1.27752440892899,0.305802892990961,4.17760733534577,2.94591656255355e-05,0.000348299120018894,"ENSG00000218186.2","KRT8P43","Upregulated"
192.221927508749,1.38013527375052,0.330377253775907,4.17745246676895,2.94792243214555e-05,0.000348361220409445,"ENSG00000105948.13","TTC26","Upregulated"
37.8961534800746,1.45218211535044,0.347652299266591,4.17711063155334,2.95235450389471e-05,0.000348659661945585,"ENSG00000211904.2","IGHJ2","Upregulated"
11.2908002676626,1.07536676083286,0.25751421260033,4.17595110566523,2.96743558708658e-05,0.000349725658624897,"ENSG00000136010.13","ALDH1L2","Upregulated"
9.46893282596263,1.07297457437879,0.2571253497467,4.1729630137044,3.00663765095963e-05,0.000352994863531827,"ENSG00000234076.1","TPRG1-AS1","Upregulated"
2987.0167785639,1.6893027910095,0.404985299008586,4.17126941433417,3.02907473865622e-05,0.000355097510967132,"ENSG00000012223.12","LTF","Upregulated"
135.531951683264,1.41055126005366,0.338169421073395,4.17113781481598,3.03082483774032e-05,0.00035512573098782,"ENSG00000243063.1","IGKV3-7","Upregulated"
158.16827617897,1.47419576467337,0.353570832687091,4.16944959364912,3.05336134816649e-05,0.000357410377112742,"ENSG00000240382.3","IGKV1-17","Upregulated"
39.8594361112726,1.48728455069463,0.357179353898943,4.16397122190726,3.12759552815719e-05,0.000365164826281748,"ENSG00000244116.3","IGKV2-28","Upregulated"
13.9844233896936,1.1428675312838,0.274843113651546,4.15825419854893,3.20689053133136e-05,0.000373523368421605,"ENSG00000165891.15","E2F7","Upregulated"
10.3194676912874,1.17077043423387,0.281599041589294,4.15757961258053,3.21637202409064e-05,0.000374442360132631,"ENSG00000130513.6","GDF15","Upregulated"
10.7004661599429,1.20961836826865,0.290986352469357,4.15695910823185,3.22511689581622e-05,0.000375089225530223,"ENSG00000223935.1","AC008074.3","Upregulated"
11.6225074164931,1.01910578121124,0.245355536507651,4.15358787381375,3.2730243875635e-05,0.000379535326715594,"ENSG00000239941.1","RP11-246A10.1","Upregulated"
27.3213698407551,1.28522007836116,0.309666346943163,4.1503382303181,3.31984333409076e-05,0.000382961554877125,"ENSG00000167601.11","AXL","Upregulated"
10.2205761746528,1.23462868827013,0.29820978452548,4.14013473848519,3.4710188554254e-05,0.000396822797038138,"ENSG00000132170.19","PPARG","Upregulated"
306.054308290879,1.43828640845495,0.347419910960142,4.13990782646869,3.47445397971436e-05,0.000396829870071453,"ENSG00000224041.3","IGKV3D-15","Upregulated"
983.944082652476,1.39745544778685,0.338207060616012,4.13195231714416,3.59695048368643e-05,0.000408835995073306,"ENSG00000244437.1","IGKV3-15","Upregulated"
9.41513113109746,1.94899069490987,0.472126622559815,4.12811013355415,3.65756933218685e-05,0.000414724295169601,"ENSG00000188403.7","IGHV1OR15-9","Upregulated"
712.158219846602,1.37049375011196,0.33222952359939,4.12514136391002,3.70507113049342e-05,0.000418899152129982,"ENSG00000211632.4","IGKV3D-11","Upregulated"
18.6228644714688,-1.26402715499748,0.306547348570892,-4.12343202735339,3.73268645913646e-05,0.000421588826907472,"ENSG00000066468.22","FGFR2","Downregulated"
12.3529925821309,1.49555895939449,0.363028559003098,4.119673018292,3.79410435773741e-05,0.00042650591174795,"ENSG00000183873.15","SCN5A","Upregulated"
160.328953182137,1.44787142653507,0.351787363452141,4.11575734934562,3.85910137108953e-05,0.000432160576197023,"ENSG00000211593.2","IGKJ5","Upregulated"
6.3322243308819,-1.26962140979267,0.308509271129227,-4.11534280686449,3.86604398384725e-05,0.000432732078268117,"ENSG00000196159.11","FAT4","Downregulated"
11.209186790818,1.10623424689342,0.269038313894404,4.11180932143221,3.92570466139148e-05,0.000438367248567721,"ENSG00000223177.1","RNA5SP39","Upregulated"
7.98808693357561,1.37202213405294,0.333695233222024,4.11160243676621,3.92922472025661e-05,0.000438552178454447,"ENSG00000271304.1","DPRXP2","Upregulated"
3644.90145318421,1.17301984835245,0.285829732827752,4.1039112227675,4.06223398546702e-05,0.000450531689423407,"ENSG00000239264.8","TXNDC5","Upregulated"
43.6684402624181,-1.14514635283769,0.279530726447659,-4.09667433484139,4.19127876228094e-05,0.000462969045628855,"ENSG00000268803.1","RP11-704M14.2","Downregulated"
107.462567060267,1.02810608449846,0.251250905548587,4.0919497673199,4.27761325605421e-05,0.000469420171121471,"ENSG00000244255.5","XXbac-BPG116M5.17","Upregulated"
3596.31420891964,1.15432467397181,0.282777633280585,4.08209327088623,4.46318767917315e-05,0.000488190979616856,"ENSG00000259040.5","BLOC1S5-TXNDC5","Upregulated"
65.8765298560421,1.65740340586963,0.406351484951383,4.07874332258913,4.52797951491882e-05,0.00049458821739559,"ENSG00000254395.1","IGHV4-55","Upregulated"
71.8833304735526,1.62445672973513,0.398295896978155,4.07851735872696,4.53238187695517e-05,0.000494764981860718,"ENSG00000232216.1","IGHV3-43","Upregulated"
12.7388998645188,1.13491044297764,0.278482304795887,4.07534131768076,4.59469049395342e-05,0.000500480916396927,"ENSG00000237372.2","UNQ6494","Upregulated"
7.61675988245233,1.0521755671303,0.258280895296398,4.07376459618836,4.6259240338921e-05,0.00050364988741052,"ENSG00000184524.5","CEND1","Upregulated"
134.509289251012,1.42753650457606,0.350457198890048,4.07335477512602,4.63407515369781e-05,0.000504303978798345,"ENSG00000211967.3","IGHV3-53","Upregulated"
53.0122141908823,1.0614759224059,0.261181327363591,4.06413403714813,4.82111165077572e-05,0.000521522367445752,"ENSG00000145555.14","MYO10","Upregulated"
8.15305620128648,1.0296217803559,0.253510194239842,4.06146105265412,4.87665547969351e-05,0.000526581431965785,"ENSG00000258922.1","CTD-2313J17.1","Upregulated"
494.453140944052,1.28295992001608,0.316054825476775,4.05929546584428,4.92210002067398e-05,0.00053025260662279,"ENSG00000211597.2","IGKJ1","Upregulated"
6.14046203430643,1.07796050690529,0.26570813550291,4.0569345190166,4.97210146021002e-05,0.000534904449729408,"ENSG00000100604.12","CHGA","Upregulated"
1796.49861268364,1.5102918803029,0.37241581846348,4.05539132718393,5.00504383137043e-05,0.000537956469915412,"ENSG00000110203.8","FOLR3","Upregulated"
5.81415277672713,2.00921512698524,0.495527220204323,4.05470183082328,5.01982921616956e-05,0.000539053134632758,"ENSG00000183638.5","RP1L1","Upregulated"
28.6730681136152,1.08285402562617,0.267697268249008,4.04506939016994,5.23076285184064e-05,0.000558391054347126,"ENSG00000271711.1","RP11-392O18.2","Upregulated"
85.3740015844741,1.0336192749845,0.256391137928616,4.03141576317773,5.54418677322214e-05,0.000586263489439868,"ENSG00000123689.5","G0S2","Upregulated"
13.9474066790733,1.13456931157296,0.281516923053636,4.03019931898302,5.5729576123626e-05,0.000588776590496935,"ENSG00000100526.19","CDKN3","Upregulated"
132.712745322882,1.5159892921882,0.37622467844157,4.02947860429532,5.59007032260246e-05,0.000590054618888249,"ENSG00000253818.1","IGLV1-41","Upregulated"
228.457873266434,1.49223962038775,0.370843842869624,4.02390291514796,5.72415218224567e-05,0.000600972122016404,"ENSG00000211970.3","IGHV4-61","Upregulated"
5.40250995535389,1.54028440704859,0.382971493702875,4.0219296537084,5.7723298980724e-05,0.000604950458092861,"ENSG00000226004.1","RP11-10J5.1","Upregulated"
650.007996380333,1.48058090703603,0.368378645824433,4.0191822295304,5.8400489564301e-05,0.00061041613437089,"ENSG00000106070.17","GRB10","Upregulated"
514.92083004659,1.38864853933562,0.345577467009617,4.01834225868949,5.86090244953922e-05,0.000612287548970112,"ENSG00000211955.2","IGHV3-33","Upregulated"
138.54664250364,1.38933485004725,0.345772439748743,4.01806127479916,5.86789400810333e-05,0.000612488717749444,"ENSG00000242887.1","IGHJ3","Upregulated"
28.6741149275198,1.50452406365368,0.374633997379013,4.0159837979989,5.91983227747312e-05,0.000616291211612335,"ENSG00000211633.3","IGKV1D-42","Upregulated"
24.3798702866369,1.03496290935264,0.25790116115717,4.01302151843324,5.99464462448151e-05,0.000622144082750045,"ENSG00000035499.12","DEPDC1B","Upregulated"
5955.303814318,1.16810355951061,0.291227835135664,4.01096124265206,6.04720377498861e-05,0.000625125704823954,"ENSG00000166523.7","CLEC4E","Upregulated"
82.3164387570726,1.48111691727542,0.369484783891685,4.00860057530707,6.10796248805158e-05,0.000630575434045097,"ENSG00000243264.2","IGKV2D-29","Upregulated"
14.2723570681663,1.17055929119814,0.292769071890187,3.99823411551202,6.38168141129445e-05,0.000653670876120748,"ENSG00000243307.2","POM121L6P","Upregulated"
281.050433909191,1.37578726680927,0.344992564429422,3.98787512735142,6.66677368351292e-05,0.000677563072249209,"ENSG00000240864.3","IGKV1-16","Upregulated"
35.4353215915667,1.92016260501834,0.482730682969265,3.97770987584104,6.95821982827652e-05,0.000702850132701956,"ENSG00000253239.1","IGLVI-70","Upregulated"
246.153140055415,1.48661091055724,0.373816501425451,3.97684667447383,6.98351607546431e-05,0.000704278466453169,"ENSG00000211674.2","IGLJ1","Upregulated"
12.9636964688036,1.22488877644268,0.308057892742404,3.97616423828143,7.00357652777512e-05,0.000705092633913106,"ENSG00000238062.5","SPATA3-AS1","Upregulated"
258.989084219202,1.43618811503936,0.361181422440145,3.97636208788498,6.99775506450855e-05,0.000705092633913106,"ENSG00000211637.2","IGLV4-69","Upregulated"
16.6417980871727,-1.11123648632589,0.279488044303655,-3.97597145557525,7.00925331120331e-05,0.000705307398625648,"ENSG00000168004.9","HRASLS5","Downregulated"
61.6864100681591,-1.49419956403738,0.376031000098045,-3.97360739845329,7.07922154432178e-05,0.000710828964949799,"ENSG00000211821.2","TRDV2","Downregulated"
175.932098082116,1.51180282924804,0.381997364906959,3.95762632974251,7.56982543986089e-05,0.000749906749259145,"ENSG00000254030.1","IGLC5","Upregulated"
28.5013802882113,1.08606682216609,0.276017664662685,3.93477288308106,8.32754055926806e-05,0.000811462282498094,"ENSG00000186583.11","SPATC1","Upregulated"
23.3751099014888,1.04439090862103,0.265696570286308,3.93076548747174,8.46758343296887e-05,0.00082120899839609,"ENSG00000225940.5","C5orf67","Upregulated"
29.8613689429164,1.34412277892596,0.342280758622401,3.92695979854589,8.60263531596766e-05,0.00083257126058506,"ENSG00000253460.2","IGKV2OR22-3","Upregulated"
8.32575369380346,-1.03956411289916,0.265002643888046,-3.92284430693581,8.75097050608943e-05,0.000842786877066198,"ENSG00000130635.15","COL5A1","Downregulated"
6.92742674571037,1.01711696774659,0.259512699973632,3.91933407440149,8.87939659512778e-05,0.000853408672753948,"ENSG00000158874.11","APOA2","Upregulated"
4800.64531309567,1.51713005805501,0.388158491360047,3.90853244698891,9.28584774375004e-05,0.000884166028793813,"ENSG00000211890.3","IGHA2","Upregulated"
2292.89647421829,1.00679918005743,0.257603221788408,3.90833302886407,9.29351423750903e-05,0.000884180359806358,"ENSG00000177575.12","CD163","Upregulated"
5.56021148038429,1.37701181902961,0.352439229301642,3.90709008687302,9.34143320294178e-05,0.000887304159866024,"ENSG00000183292.12","TISP43","Upregulated"
8.21159832322746,1.26328144383714,0.323378934933209,3.90650505450535,9.36406854703561e-05,0.000888811540155796,"ENSG00000139734.17","DIAPH3","Upregulated"
8.26119878404576,-1.10348181908419,0.282511663252005,-3.90596907179674,9.38485157951749e-05,0.000889991084090638,"ENSG00000198643.6","FAM3D","Downregulated"
22.6517121846837,1.50747677640947,0.386151538585384,3.90384764989392,9.46753910115687e-05,0.000895666505717808,"ENSG00000244649.4","LINC02086","Upregulated"
8.96160758880347,1.33064211211742,0.341161241214897,3.90033201713922,9.60608593637331e-05,0.000906586401568356,"ENSG00000231453.1","LINC01305","Upregulated"
111.4452191994,1.29894947104357,0.333608542825796,3.8936337182524,9.87537260488981e-05,0.000927165868506973,"ENSG00000255801.1","RP11-561P12.5","Upregulated"
25480.3938268946,1.47528445432291,0.379325794502552,3.88922787667946,0.000100563659053158,0.00094152875853669,"ENSG00000211592.8","IGKC","Upregulated"
7.2313332692947,1.81718967916793,0.467302892369071,3.88867629291867,0.00010079244427138,0.000942545559943172,"ENSG00000261834.2","IGHV3OR16-15","Upregulated"
16.333020510775,1.32329577027216,0.340322239622063,3.88836113602718,0.000100923385118358,0.000943395075512407,"ENSG00000239862.1","IGKV1-37","Upregulated"
102.904075849328,-1.01402784115884,0.260862458778164,-3.88721261736309,0.000101401929795483,0.000946346823240217,"ENSG00000211695.2","TRGV9","Downregulated"
87.9673142158579,1.44080871639868,0.371082019505585,3.88272306569408,0.00010329318557682,0.000960965626829352,"ENSG00000258476.5","LINC02207","Upregulated"
11.7568335370362,-1.09366782537639,0.28189766174744,-3.87966263571294,0.000104601442771126,0.000967533566598547,"ENSG00000146242.8","TPBG","Downregulated"
29.658178641635,1.0025160722352,0.258503128906288,3.87815836689014,0.000105250197120827,0.000971882538045575,"ENSG00000266049.1","RP11-703M24.5","Upregulated"
5.73405618456351,-1.05118051777082,0.271676050428274,-3.86924248977312,0.000109174020160856,0.0010018121475603,"ENSG00000248824.2","RP11-790I12.6","Downregulated"
32.3620672569025,-1.4228664403257,0.368151479963385,-3.86489398458269,0.000111137461456817,0.00101623892050245,"ENSG00000197353.3","LYPD2","Downregulated"
1000.53018248962,1.24215005990191,0.322169918672856,3.85557430382951,0.000115458253743656,0.00104641825657964,"ENSG00000123836.14","PFKFB2","Upregulated"
99.658395774725,1.40824395042187,0.365426460096657,3.85370000313984,0.000116346139485528,0.0010528817350147,"ENSG00000211972.2","IGHV3-66","Upregulated"
6.82742998564561,1.26744456366455,0.329276649477529,3.84917839049819,0.0001185146759002,0.0010687670734304,"ENSG00000163121.9","NEURL3","Upregulated"
11.1391592213474,1.19188436194119,0.310029593153268,3.84442126901079,0.000120837271207392,0.00108472312741988,"ENSG00000173239.13","LIPM","Upregulated"
13.7222123684388,-1.2474589587136,0.324550375511262,-3.84365279734615,0.000121216468867745,0.00108671587573072,"ENSG00000204455.7","TRIM51BP","Downregulated"
141.651103150793,1.32767700711149,0.345416441303107,3.84369951268891,0.000121193385476047,0.00108671587573072,"ENSG00000240671.4","IGKV1-8","Upregulated"
52.9685621666014,1.0206138148368,0.265698107747032,3.84125360730274,0.000122407566330849,0.00109381132572435,"ENSG00000167680.15","SEMA6B","Upregulated"
8.13799836599742,1.00089143682928,0.260553621748089,3.8414028947829,0.000122333130574903,0.00109381132572435,"ENSG00000213875.3","AC005019.2","Upregulated"
57.4454700145759,1.34112199784695,0.349313236328281,3.83931056247345,0.000123380284476414,0.00110055777297687,"ENSG00000241244.1","IGKV1D-16","Upregulated"
257.608428095428,-1.06019356944458,0.276580933605037,-3.83321278016423,0.000126480459352246,0.0011235108454521,"ENSG00000268758.7","ADGRE4P","Downregulated"
69.7280913481173,1.28459457944412,0.33618481077037,3.82109642758834,0.000132859688165193,0.0011698812661492,"ENSG00000251039.2","IGKV2D-40","Upregulated"
18.2407390051642,1.44954709446382,0.379863916799407,3.81596416600232,0.000135652191468577,0.00118676484112093,"ENSG00000272512.1","RP11-54O7.17","Upregulated"
133.464957137981,1.11699034068608,0.292804440042092,3.81479987299889,0.000136293341849157,0.00119075742555773,"ENSG00000181800.5","CELF2-AS1","Upregulated"
5.58090208493346,1.41166496665899,0.370283779860245,3.81238672455972,0.000137631310577415,0.00119888540365251,"ENSG00000259600.2","RP11-925D8.3","Upregulated"
21.7212584422459,1.05439171379629,0.276605912779322,3.81189144946981,0.000137907441524914,0.00120013629732517,"ENSG00000251260.1","WDFY3-AS1","Upregulated"
256.241504295531,-1.53366921821066,0.402641819833781,-3.80901620910562,0.00013952081234339,0.00121100014349883,"ENSG00000103355.13","PRSS33","Downregulated"
107.743049666637,1.51664309305153,0.398440618416542,3.80644699096913,0.000140977491501288,0.00122129133853401,"ENSG00000253497.1","IGKV1-13","Upregulated"
9.05467962246029,1.59208233157688,0.418403502239482,3.80513624540747,0.000141726156303605,0.00122638212780847,"ENSG00000185155.11","MIXL1","Upregulated"
632.206925417307,1.24402007573827,0.327256135406148,3.80136517286179,0.000143901036068114,0.00124279300139022,"ENSG00000241351.3","IGKV3-11","Upregulated"
11.3986710231478,1.25076724028329,0.32946107873385,3.79640364528067,0.000146810386973144,0.00126386929553755,"ENSG00000249309.1","RP11-153M7.5","Upregulated"
14.5570418672231,1.16507497630338,0.307794371498336,3.78523808161865,0.000153561492933496,0.00130905608903598,"ENSG00000143603.18","KCNN3","Upregulated"
8.61873202604444,1.23240211256365,0.325648048165331,3.78446030770606,0.000154042488681515,0.0013122055299416,"ENSG00000184389.9","A3GALT2","Upregulated"
5.16596591834032,1.89681146855173,0.501624245153682,3.7813392930611,0.000155986905380333,0.00132445323341338,"ENSG00000259997.2","IGHV1OR16-4","Upregulated"
143.492066983332,1.59217316939239,0.421553040169691,3.77692251668135,0.000158778099846384,0.00134475562749666,"ENSG00000211946.3","IGHV3-20","Upregulated"
110.7131686673,1.17757935124736,0.311888768945512,3.7756388446712,0.00015959809379046,0.00134927199090979,"ENSG00000163958.13","ZDHHC19","Upregulated"
368.277943881833,1.33258571311549,0.352992667663528,3.77510876340838,0.00015993786440346,0.00135020382981149,"ENSG00000211966.2","IGHV5-51","Upregulated"
17.3363854958369,1.39023260740086,0.368303695415336,3.77469089967478,0.000160206185674974,0.00135198390837905,"ENSG00000162949.16","CAPN13","Upregulated"
1341.69938028552,1.02299885345712,0.271129963830741,3.77309405055558,0.000161235471835093,0.00136018220915599,"ENSG00000112299.7","VNN1","Upregulated"
36.2382629771397,1.38205840157122,0.366801463186973,3.76786501766688,0.000164649686055049,0.00138352779053685,"ENSG00000254098.1","IGKV2-26","Upregulated"
6.55788604725574,1.08617832065031,0.288273700518547,3.76787170906153,0.000164645273869107,0.00138352779053685,"ENSG00000232909.1","RP3-510O8.4","Upregulated"
15.5630720813467,1.34976733685002,0.358293082901125,3.76721572719423,0.000165078346077082,0.00138603294710955,"ENSG00000105509.10","HAS1","Upregulated"
18.6628152752571,1.74087322334273,0.463741431508187,3.75397388514768,0.000174053005272747,0.0014439771184969,"ENSG00000178752.15","ERFE","Upregulated"
18.0097967948803,1.09043458034227,0.291375372694134,3.74237043529046,0.000182292527108356,0.00150174319951169,"ENSG00000111537.4","IFNG","Upregulated"
5.74452093875231,1.3409078810457,0.358462273288418,3.74072247197632,0.000183492046099054,0.00151003877601208,"ENSG00000070729.13","CNGB1","Upregulated"
599.180233062449,1.46899406902476,0.392830898595937,3.73950744270692,0.000184381189229109,0.00151523598329811,"ENSG00000169902.13","TPST1","Upregulated"
6.35375287243807,1.02694050020033,0.275827585039903,3.72312471956625,0.000196772257342555,0.0015969843638343,"ENSG00000244043.1","RPS27P27","Upregulated"
59.5650901183537,-1.024281901319,0.27584976439364,-3.71318751556858,0.000204665128196761,0.00164459055198545,"ENSG00000142408.4","CACNG8","Downregulated"
6.58119318853279,1.02182634816309,0.27533673141052,3.71118790772442,0.000206288894510203,0.00165650686349354,"ENSG00000237352.3","LINC01358","Upregulated"
401.813734401189,1.12605682136932,0.303679848444608,3.70803932871008,0.000208870222119453,0.00167380742030875,"ENSG00000180509.11","KCNE1","Upregulated"
4.88724163190625,-1.92668669656424,0.519767117673741,-3.70682682888306,0.000209872343257227,0.0016801212970929,"ENSG00000146250.6","PRSS35","Downregulated"
1381.69032364015,1.07452586254292,0.290556958672237,3.69815910606031,0.00021716875530715,0.00172561515530788,"ENSG00000116991.10","SIPA1L2","Upregulated"
250.079764376009,1.00722865134383,0.272768304118369,3.69261617327334,0.000221958892099306,0.00176011082349594,"ENSG00000251158.1","RP11-98J23.1","Upregulated"
217.96759729596,1.21947906729738,0.330441530343521,3.69045339437096,0.000223854701328102,0.00176979403323983,"ENSG00000239571.1","IGKV2D-30","Upregulated"
617.517824613733,1.19407532678465,0.323708857558106,3.68873232506562,0.000225374174283126,0.00177880025915243,"ENSG00000242534.2","IGKV2D-28","Upregulated"
8.61804265779899,1.54498447680022,0.418899685662285,3.68819679193023,0.00022584894948973,0.0017807553899445,"ENSG00000211684.2","IGLJ7","Upregulated"
15.2305061116009,1.255169374316,0.340450637041414,3.68678815003456,0.000227102262748627,0.00178883898157004,"ENSG00000254056.1","IGHV3-71","Upregulated"
11.0389430358384,1.48988542584618,0.404192095663324,3.68608253805932,0.000227732519255852,0.00179140445103701,"ENSG00000253131.1","IGHV7-56","Upregulated"
11.4759905261949,1.49240701145315,0.405446915486454,3.68089373589773,0.000232417859189474,0.001823991791531,"ENSG00000223931.2","RP11-1166P10.8","Upregulated"
17.3948560777197,1.37523710899964,0.37371799355532,3.67987930127873,0.000233344372777715,0.00182918268478162,"ENSG00000211905.1","IGHJ1","Upregulated"
8.18899514803631,1.05912296323521,0.288153639852273,3.67554948734359,0.000237338027161656,0.00185517910400646,"ENSG00000263585.1","RP11-498C9.13","Upregulated"
22.9793137270176,1.03720462539479,0.28225611616904,3.67469318104562,0.00023813540929997,0.00185955854962154,"ENSG00000283849.1","RP11-331G2.7","Upregulated"
27.2441406849642,1.57036446059567,0.428094481547632,3.66826606808511,0.000244200985434446,0.0018974771417773,"ENSG00000242580.1","IGKV1D-43","Upregulated"
72.8534348069635,1.44211205288745,0.393377433909593,3.66597554555934,0.000246397472092617,0.00190824217359943,"ENSG00000163083.5","INHBB","Upregulated"
127.047262360346,1.41483297913059,0.385948513320011,3.66585938357398,0.000246509357382316,0.00190848047400169,"ENSG00000276566.1","IGKV1D-13","Upregulated"
27.8157921249877,1.23940186795613,0.33842453521127,3.66226954314173,0.000249990616890881,0.00193115846869748,"ENSG00000277282.1","IGHV1OR21-1","Upregulated"
10.8286119709189,1.47272882448019,0.402649064403503,3.65759902276672,0.000254588914772789,0.00196006805849941,"ENSG00000271130.1","IGHV3OR16-8","Upregulated"
28.0742024272688,1.76046671311436,0.482487584376821,3.64872956345222,0.000263540347081047,0.00202063400662013,"ENSG00000211654.2","IGLV5-37","Upregulated"
12.1895883291263,1.64598871012946,0.451572741621258,3.645013435089,0.000267377833221136,0.00204448022750305,"ENSG00000283906.1","IGHV4-80","Upregulated"
112.897780677387,1.02061383721861,0.281465201517637,3.62607466825576,0.000287762178156882,0.00216793740879766,"ENSG00000242550.5","SERPINB10","Upregulated"
8.48074372408904,1.46793478411589,0.405528640878137,3.61980544934437,0.00029482460134315,0.00221072527201094,"ENSG00000280655.1","RP11-361C13.1","Upregulated"
26.1370301085272,1.04472538712266,0.288956963455453,3.6155051417673,0.000299762524706176,0.00224183492730035,"ENSG00000137962.12","ARHGAP29","Upregulated"
18.2902207997062,1.24473497676324,0.344729720164632,3.61075620683007,0.000305305541988441,0.00227902133151549,"ENSG00000211957.2","IGHV3-35","Upregulated"
82.0626605649304,1.56700667129891,0.434054086183009,3.61016454211702,0.000306002825547125,0.00228197606322433,"ENSG00000253998.3","IGKV2-29","Upregulated"
346.129555349798,1.28290999295724,0.355577923892972,3.60795737516986,0.000308617175896957,0.00229855806093814,"ENSG00000211945.2","IGHV1-18","Upregulated"
106.010679121909,-1.03474108698976,0.287246057773678,-3.60228124629316,0.000315436817186175,0.00234119792894521,"ENSG00000250696.5","RP11-704M14.1","Downregulated"
127.135939372486,1.27642046431997,0.354712623034727,3.59846360526902,0.000320102634814489,0.00237059326154086,"ENSG00000211652.2","IGLV7-43","Upregulated"
6.24191743618343,1.46749260657655,0.407849315845304,3.59812447774993,0.000320520216499621,0.00237293884638234,"ENSG00000260234.5","RP11-166N6.3","Upregulated"
9.89611729201389,1.14105954363258,0.317530980749426,3.59353767918799,0.000326218449412674,0.0024105740194037,"ENSG00000165409.16","TSHR","Upregulated"
31.489586173109,-1.24543359534735,0.346817395430775,-3.59103554710807,0.000329366705500596,0.00242697771594676,"ENSG00000187244.10","BCAM","Downregulated"
114.346233829685,1.39718990492241,0.38918176929362,3.59007028376062,0.000330588810709589,0.00243369635118123,"ENSG00000179593.15","ALOX15B","Upregulated"
29.5583911676635,-1.02328884109807,0.285518192297569,-3.5839707195666,0.000338410038958528,0.00247998723483814,"ENSG00000145423.4","SFRP2","Downregulated"
357.126920481356,1.32546581427548,0.37114901800433,3.57124968672291,0.000355281995267934,0.00257757471004131,"ENSG00000224373.3","IGHV4-59","Upregulated"
9.69863810640022,-1.74274216852316,0.490537849492548,-3.55271702341825,0.000381274370301152,0.00271919472095953,"ENSG00000160963.13","COL26A1","Downregulated"
218.402075133025,1.33414190347091,0.375585691884285,3.5521638132103,0.000382076913483906,0.00272326737971807,"ENSG00000211964.3","IGHV3-48","Upregulated"
80.3115483941057,1.19964878796382,0.33799346370652,3.54932540649804,0.000386219486344325,0.00274779923638018,"ENSG00000211650.2","IGLV5-45","Upregulated"
6.37150425381172,1.52162298222112,0.430217637116161,3.53686797319811,0.000404902019876516,0.00285555584802543,"ENSG00000259680.5","RP11-812E19.9","Upregulated"
9.71622857038185,-1.23035220366339,0.348266048465227,-3.53279399207999,0.000411192752390962,0.00289051182499389,"ENSG00000237706.4","TRIM51EP","Downregulated"
22.6546624917267,-1.02343973636584,0.290361290066219,-3.5247113557473,0.000423944463668063,0.00296244886877998,"ENSG00000091129.19","NRCAM","Downregulated"
26.0812922945629,1.23876673473704,0.351608226523699,3.52314491325916,0.000426458117645072,0.00297566668953488,"ENSG00000079156.16","OSBPL6","Upregulated"
34.8227453487053,1.15900309706339,0.329309185581721,3.51949823390447,0.000432363914688281,0.00300788237279298,"ENSG00000157554.18","ERG","Upregulated"
2585.55629102407,1.42954804301917,0.406667519090048,3.51527470454957,0.000439299321482842,0.00304532540832301,"ENSG00000211897.8","IGHG3","Upregulated"
14.7503705880894,-1.03498494808242,0.294438033977134,-3.51511974897508,0.000439555736329022,0.00304620540923394,"ENSG00000197467.13","COL13A1","Downregulated"
37.3741373020274,1.23877870958751,0.353819532162345,3.50115976361393,0.000463238050009381,0.00318220871258999,"ENSG00000272636.3","DOC2B","Upregulated"
21.6499688937095,1.0820322025897,0.309413567385748,3.49704187741942,0.000470447975135414,0.00322232895458108,"ENSG00000258572.1","RP11-1070N10.3","Upregulated"
278.840942190802,1.15474971012591,0.331026610258544,3.48838937517443,0.000485939857886978,0.00330248208444969,"ENSG00000211900.2","IGHJ6","Upregulated"
7.8843453949109,1.37302812637204,0.395160387237517,3.47460972991395,0.000511597074016894,0.00342735078515646,"ENSG00000214237.10","MINDY4B","Upregulated"
6.47219344354188,1.09741597592504,0.315927774189361,3.47362930891687,0.00051346988020498,0.00343403051207015,"ENSG00000206356.5","RP11-93O17.2","Upregulated"
218.238004695925,1.25357704143762,0.361926781191335,3.46362056245544,0.00053295770409672,0.00354442925330221,"ENSG00000211962.2","IGHV1-46","Upregulated"
271.353673069756,1.11619449780215,0.322441217702064,3.46169917654111,0.000536776769320855,0.00356457347687865,"ENSG00000240041.1","IGHJ4","Upregulated"
392.952274022103,1.14864253555619,0.333616812939308,3.44299954620437,0.000575300279210598,0.00377038021428049,"ENSG00000204010.3","IFIT1B","Upregulated"
21.8994444291074,1.09179953378605,0.317993737540194,3.43339948211418,0.000596063170168157,0.00388266175739656,"ENSG00000272491.1","RP5-1024N4.4","Upregulated"
232.022846187812,1.1569919530181,0.338322885114775,3.41978625721873,0.000626703565844183,0.00403643074108457,"ENSG00000243238.1","IGKV2-30","Upregulated"
26.4936421047729,1.1934042818538,0.351251238322505,3.39758028342683,0.00067984636509964,0.00431795459909245,"ENSG00000211968.3","IGHV1-58","Upregulated"
5.84131077877473,1.57958855703553,0.467112830817368,3.38159958969982,0.000720651050830312,0.00451472492490458,"ENSG00000211979.2","IGHV7-81","Upregulated"
9646.53802467473,1.1692251845575,0.34582973728421,3.38092725553153,0.000722416655407625,0.00452288958712895,"ENSG00000096060.14","FKBP5","Upregulated"
38.1296641867236,1.07574805674597,0.318550904198189,3.37700518996703,0.000732796674123222,0.00457934665306007,"ENSG00000124785.8","NRN1","Upregulated"
48.1994382389561,1.18130865173952,0.350785129167148,3.36761325813395,0.000758218759572312,0.00470137321536057,"ENSG00000211951.2","IGHV2-26","Upregulated"
60.908464533139,1.12518380971138,0.33829558537662,3.32603751969961,0.000880900701211325,0.00530479439418993,"ENSG00000241566.1","IGKV2D-24","Upregulated"
26.9608201595845,1.12835569851667,0.34057621437312,3.31307839742587,0.000922751106373064,0.00551027614993539,"ENSG00000250036.1","IGKV1D-37","Upregulated"
238.210805861474,1.03175555249912,0.311765067430072,3.30940076450526,0.000934959028277889,0.00556904202970181,"ENSG00000211943.2","IGHV3-15","Upregulated"
8.69112152036534,-1.11668620879165,0.338277490025173,-3.3010952301572,0.000963081877108783,0.00568474420587442,"ENSG00000124780.13","KCNK17","Downregulated"
11.548856845029,1.36514830743617,0.413766363416378,3.29932161755354,0.000969188023615501,0.00571648428669479,"ENSG00000211672.2","IGLV4-3","Upregulated"
309.3535451391,1.26033043026361,0.382259068298425,3.29705829053003,0.00097703221583503,0.00574977838273301,"ENSG00000134463.14","ECHDC3","Upregulated"
33.4319779400606,1.01833304680259,0.309176721596401,3.29369249258009,0.000988806103408342,0.00580744633075174,"ENSG00000281550.1","RP11-294C11.5","Upregulated"
1249.59534229531,1.3491178750488,0.409678289726581,3.29311537584577,0.000990838058859042,0.00581792808805479,"ENSG00000253755.1","IGHGP","Upregulated"
317.257879302199,1.04957292007892,0.318989528552218,3.2903052487101,0.00100078752105303,0.00586756262031789,"ENSG00000242472.1","IGHJ5","Upregulated"
16.1389689946908,1.22747469082613,0.374297505434524,3.27940922128547,0.00104024671587368,0.00605515208586737,"ENSG00000130600.17","H19","Upregulated"
17.6301796595374,-1.0092633988775,0.307896697672756,-3.2779286251072,0.0010457183356508,0.00607797949634193,"ENSG00000105855.9","ITGB8","Downregulated"
327.772477015745,1.32788539198432,0.405459748678311,3.27501162892955,0.00105657624201444,0.00612805710878428,"ENSG00000211934.3","IGHV1-2","Upregulated"
11.1913712637036,1.31104200392294,0.402711604596134,3.25553569591753,0.00113178668396465,0.0064932155816436,"ENSG00000253545.1","IGHV3-52","Upregulated"
52.0762939627678,1.00272230007351,0.308029995158712,3.25527486229665,0.00113282672445467,0.00649759804314227,"ENSG00000117399.13","CDC20","Upregulated"
22.3028830467104,1.07790497367383,0.331692363588746,3.24971296297398,0.00115521545208935,0.00660480259011827,"ENSG00000278263.2","RP11-294C11.2","Upregulated"
5.3824334313778,1.41879701748981,0.437328522961795,3.24423618171769,0.00117766053312383,0.00670408831922028,"ENSG00000253883.1","IGHV3-19","Upregulated"
276.911036974612,1.07260781399593,0.331012014624295,3.24038937140502,0.00119366580300817,0.00677552931560344,"ENSG00000211956.2","IGHV4-34","Upregulated"
37.0309126635785,1.23282588410451,0.382464166324388,3.2233761817542,0.00126689056169215,0.00712073605721284,"ENSG00000243273.1","RP11-166N6.2","Upregulated"
123.827416689343,1.05438664691736,0.328101466155378,3.21359931509126,0.00131082456384322,0.0073135120555142,"ENSG00000241294.1","IGKV2-24","Upregulated"
22.4282165583372,1.24706399814919,0.38903511555406,3.20553067908312,0.00134813674588839,0.00747912316841829,"ENSG00000156113.22","KCNMA1","Upregulated"
185.90706204836,1.11343022807386,0.348622601369962,3.19379817515697,0.00140414246369406,0.00772968270608185,"ENSG00000276775.1","IGHV4-4","Upregulated"
12.3899730064501,1.44005384803164,0.455525579206942,3.16130183191629,0.00157065651395043,0.00847189510780048,"ENSG00000259337.4","IGHV1OR15-2","Upregulated"
14.9687457472955,1.28402652298393,0.406275511786912,3.16048219922592,0.00157508229173405,0.00849381236870912,"ENSG00000253274.1","IGHV1-67","Upregulated"
13.98771044566,1.03155072406091,0.326410320747716,3.16028831961537,0.00157613086303271,0.00849558005622765,"ENSG00000271288.1","IGHV1OR15-3","Upregulated"
8.92773574488425,1.09055727374753,0.345810352359172,3.15362818466126,0.00161254392454363,0.00865418190161098,"ENSG00000216775.2","RP1-152L7.5","Upregulated"
5.83478174409787,1.14724699839059,0.364005977450661,3.1517257118287,0.00162308662620905,0.00870164769317974,"ENSG00000238024.1","DDX39BP2","Upregulated"
28.9061188608779,1.24629022616803,0.395755582720965,3.14914123914394,0.00163751032156923,0.00875820478424205,"ENSG00000258831.1","RP11-76E17.4","Upregulated"
161.177309739429,1.07844551635977,0.343599060263334,3.13867423133595,0.00169714008013666,0.00898521867809526,"ENSG00000211941.3","IGHV3-11","Upregulated"
7.36217930620108,3.01340946109169,0.960156971663462,3.13845501311206,0.00169841003633574,0.00898991931044033,"ENSG00000253813.1","COX6B1P4","Upregulated"
261.030795176933,1.09793213535547,0.349926185098431,3.13761067936837,0.00170330952911566,0.00900572283169284,"ENSG00000149516.13","MS4A3","Upregulated"
48.6589047299889,1.10669872980841,0.352826489117666,3.13666565278586,0.00170880873719654,0.00902327136936078,"ENSG00000211942.3","IGHV3-13","Upregulated"
13.4324534925449,1.20702717041192,0.385377698766419,3.13206284192253,0.00173582716845839,0.00913658649205568,"ENSG00000253132.1","IGHV3-62","Upregulated"
19.0379606035272,-1.28534635281268,0.410933441154126,-3.12786992755498,0.00176078085654955,0.00923681748056454,"ENSG00000274736.4","CCL23","Downregulated"
5.06585733291147,1.37051538157648,0.438425685830754,3.12599244494434,0.00177206104256213,0.00928162337698168,"ENSG00000278039.1","Xist_exon1","Upregulated"
116.203275034332,1.25043453255878,0.404805552945858,3.08897574022662,0.00200847838967672,0.0102462011171539,"ENSG00000282651.2","IGHV5-10-1","Upregulated"
85.6530051637926,1.33036119774219,0.432115582946589,3.07871608950197,0.00207894699057849,0.0105167630174867,"ENSG00000211639.2","IGLV4-60","Upregulated"
5.04562949050337,1.23794482702512,0.402966032494087,3.0720823275428,0.00212571088166661,0.0107095772213816,"ENSG00000253435.1","IGKV2-4","Upregulated"
14.6675320775631,1.43550002714951,0.467611098373172,3.06985876114498,0.00214160021482324,0.010771177822651,"ENSG00000225231.1","AC091814.2","Upregulated"
81.0603784575955,1.01001809090324,0.329262177009906,3.0675193247989,0.00215843503964732,0.010839628519279,"ENSG00000164850.14","GPER1","Upregulated"
17.1662696823731,1.20168592922439,0.392163376543823,3.064248221787,0.00218217769551613,0.0109285391273103,"ENSG00000118473.21","SGIP1","Upregulated"
20.4227228841186,1.10983091585344,0.362664464614475,3.06021412115253,0.00221178802053839,0.0110495739643705,"ENSG00000121742.16","GJB6","Upregulated"
218.616984737577,1.24627467353742,0.40804584706367,3.05425158105568,0.00225622786738823,0.011222944876091,"ENSG00000109906.13","ZBTB16","Upregulated"
172.423236607253,1.08492501261378,0.35667162796761,3.04180351769474,0.00235165343422681,0.0116043838088273,"ENSG00000211649.3","IGLV7-46","Upregulated"
13.4441924040627,1.26382156852562,0.417340889801587,3.02827161059264,0.00245956914361019,0.0120184304903137,"ENSG00000270472.2","IGHV3OR16-9","Upregulated"
21.8613591940965,1.71663913611349,0.568567906468697,3.01923326410616,0.00253415332875406,0.0123000553006317,"ENSG00000249780.1","RP11-352E6.2","Upregulated"
42.6026628663879,1.00846517744224,0.336469233263479,2.99719878593638,0.00272472976312811,0.0129956298128681,"ENSG00000211599.2","IGKV5-2","Upregulated"
7.53250587077429,1.13910465119568,0.380464118781507,2.99398706727937,0.00275357615913602,0.0131066437127559,"ENSG00000211623.2","IGKV2D-26","Upregulated"
7.32297496886482,1.19722351785348,0.401467287462102,2.98211972741739,0.00286260026093177,0.0134999516815399,"ENSG00000270318.1","IGHV3OR16-11","Upregulated"
9.25721079840451,-1.26189825699769,0.426385557529206,-2.95952392081492,0.0030811478053247,0.0143453188144838,"ENSG00000267453.7","LINC01835","Downregulated"
7.16816062631934,1.50358154360409,0.511124703525568,2.94171174516295,0.00326403604358849,0.0150315599987375,"ENSG00000254174.1","IGHV1-12","Upregulated"
9.29833067722055,1.09504162836008,0.373870850140813,2.92893021199073,0.0034013077956392,0.0155360065648998,"ENSG00000253709.1","IGHV1-14","Upregulated"
59.7972751126876,1.06703420100743,0.364548400922782,2.92700282954594,0.00342245766991992,0.0155962781440782,"ENSG00000282639.1","IGHV3-64D","Upregulated"
124.537393362293,1.09364307574373,0.375220860129932,2.9146649132594,0.00356070628010965,0.0160922584245908,"ENSG00000211965.4","IGHV3-49","Upregulated"
1105.18740148994,1.26710265738788,0.435422515748111,2.91005313588535,0.00361367313523044,0.0163065787352708,"ENSG00000211892.3","IGHG4","Upregulated"
8.8975757832803,1.02259423836134,0.351696448324914,2.90760467793129,0.00364208427759897,0.0164033229102888,"ENSG00000011201.11","ANOS1","Upregulated"
41.4254122781614,1.01809163101307,0.350293339293286,2.90639734420033,0.00365616844574228,0.0164447201665885,"ENSG00000278473.1","IGHV3-41","Upregulated"
41.109887870104,1.11296021407868,0.38399695572068,2.89835686845457,0.00375123485991771,0.0167665375729757,"ENSG00000223648.4","IGHV3-64","Upregulated"
472.937254113586,1.09524426413653,0.37860230873633,2.89286208473517,0.0038174888256613,0.0170109615701059,"ENSG00000211959.2","IGHV4-39","Upregulated"
3734.2484170022,1.16983850500952,0.405594725958358,2.88425472556471,0.00392341255714141,0.0173669147910772,"ENSG00000211893.3","IGHG2","Upregulated"
8.50622524379341,1.17882479116212,0.41119140534059,2.8668517285416,0.0041457719376375,0.0181203273544,"ENSG00000211647.1","IGLV5-48","Upregulated"
4049.73632560134,1.10422234389644,0.385531679245547,2.86415462941285,0.00418123844073495,0.018234694723561,"ENSG00000249790.2","RP11-20D14.6","Upregulated"
10.1603968660862,1.10648335034661,0.38777261878868,2.85343342137726,0.00432495894599289,0.0187246912723341,"ENSG00000211961.3","IGHV1-45","Upregulated"
136.728713934603,1.14102150427957,0.399953715661762,2.85288387030393,0.00433244508608103,0.018744716437167,"ENSG00000274173.1","RP4-568C11.4","Upregulated"
4.73459923621695,-1.46656773905756,0.514439055740789,-2.85080948402277,0.00436080894643435,0.0188431795944366,"ENSG00000149256.15","TENM4","Downregulated"
5.5681382874405,1.24866046822875,0.439226303019738,2.8428635982045,0.00447102006187633,0.0192050265486186,"ENSG00000253763.1","IGHV3-6","Upregulated"
10.5225522405366,1.03929329340885,0.378093051001635,2.74877650000597,0.00598181588862516,0.0242237804178266,"ENSG00000109321.10","AREG","Upregulated"
50.0666441117668,2.24221383501819,0.817965348968753,2.74120882729941,0.00612135888092354,0.0246953586677588,"ENSG00000204644.9","ZFP57","Upregulated"
15.2074594692332,1.04776801473878,0.384852583587362,2.72251781441123,0.00647865403925845,0.0258931444524208,"ENSG00000260048.2","IGHV1OR16-3","Upregulated"
5.75068542160149,1.13124035057253,0.423009127196292,2.67426936640918,0.00748922698163974,0.0291250466816562,"ENSG00000253936.1","IGHV3-63","Upregulated"
6.0675328173714,1.16819585322206,0.438535594558869,2.6638564069062,0.00772505301423982,0.0297958930485431,"ENSG00000203363.2","AC012454.4","Upregulated"
325.857499606213,-1.16093981146999,0.44885205628838,-2.58646428195064,0.00969662197192735,0.035714170594162,"ENSG00000036448.9","MYOM2","Downregulated"
16.0576710191895,1.01243794367548,0.395343415049279,2.56090756829549,0.0104399128006653,0.0377080547089428,"ENSG00000146166.16","LGSN","Upregulated"
181.579175012904,1.15416503604348,0.455833426063458,2.53198859506806,0.0113417680202555,0.0402002286804116,"ENSG00000211638.2","IGLV8-61","Upregulated"
170.771411118373,1.158699439558,0.472887060065739,2.45026674952137,0.0142750417185923,0.0478285700778694,"ENSG00000231412.2","CTC-490G23.2","Upregulated"
